"New password","新規パスワード"
"Confirm new password","新しいパスワードの確認"
"Hint: The password should be at least seven characters long. To make it stronger, use upper and lower case letters, numbers and symbols like ! \" ? $ %s ^ &amp; ).","ヒント: パスワードは7文字以上にしてください。より強力にするには、大文字と小文字のアルファベット、数字や ! \" ? $ %s ^ &amp; ) などの記号を組み合わせて使ってください。"
"Registration Form","登録フォーム"
"Register For This Site","このブログに登録"
"A password will be e-mailed to you.","パスワードをメールで送信します。"
"Password Lost and Found","パスワード紛失取り扱い"
"Lost your password?","パスワードをお忘れですか ?"
"You have logged in successfully.","ログインに成功しました。"
"<strong>ERROR</strong>: Cookies are blocked or not supported by your browser. You must <a href='http://www.google.com/cookies.html'>enable cookies</a> to use WordPress.","<strong>エラー</strong>: お使いのブラウザは Cookie をブロックしているか、Cookie に対応していません。WordPress を使うには <a href='http://www.google.co.jp/cookies.html'>Cookie を有効にする</a>必要があります。"
"You are now logged out.","ログアウトしました。"
"User registration is currently not allowed.","現在、ユーザー登録はできません"
"Check your e-mail for the confirmation link.","確認用のリンクをメールで送信しましたので、ご確認ください。"
"Check your e-mail for your new password.","新しいパスワードをメールで送信しましたので、ご確認ください。"
"Registration complete. Please check your e-mail.","登録を完了しました。メールを確認してください。"
"Your session has expired. Please log-in again.","セッションの期限が切れました。もう一度ログインしてください。"
"<strong>You have successfully updated WordPress!</strong> Please log back in to experience the awesomeness.","<strong>WordPress のアップグレードに成功しました !</strong> 再度ログインしてアップグレードした WordPress をお試しください。"
"This action has been disabled by the administrator.","この操作は管理者によって無効化されています。"
"Slow down cowboy, no need to check for new mails so often!","おっと、もう少しごゆっくり ! そんなに何度も新しいメールをチェックしなくても大丈夫です。"
"There doesn&#8217;t seem to be any new mail.","新しいメールはありません。"
"Author is %s","作成者は %s です。"
"<strong>Author:</strong> %s","<strong>作成者:</strong> %s"
"<strong>Posted title:</strong> %s","<strong>投稿したタイトル:</strong> %s"
"Oops: %s","エラー: %s"
"Mission complete. Message <strong>%s</strong> deleted.","操作を完了しました。メッセージ「<strong>%s</strong>」を削除しました。"
"Site Name:","サイト名:"
"Site Domain:","サイトのドメイン:"
"sitename","サイト名"
"Your address will be %s.","あなたのアドレスは %s になります。"
"Must be at least 4 characters, letters and numbers only. It cannot be changed, so choose carefully!","4字以上のアルファベットと数字のみが使えます。変更はできませんので慎重に選んでください !"
"Site Title:","サイトのタイトル:"
"Privacy:","プライバシー:"
"Allow search engines to index this site.","検索エンジンによるサイトのインデックスを許可する。"
"Yes","はい"
"No","いいえ"
"(Must be at least 4 characters, letters and numbers only.)","(4文字以上の半角英数字のみ)"
"Email&nbsp;Address:","メールアドレス: "
"We send your registration email to this address. (Double-check your email address before continuing.)","登録完了のメールをこのアドレスに送ります。(次に進む前にメールアドレスをもう一度確認してください)"
"Get <em>another</em> %s site in seconds","新しい %s ブログを今すぐ作成"
"There was a problem, please correct the form below and try again.","問題がおきました。下記の入力を修正して再度お試しください。"
"Welcome back, %s. By filling out the form below, you can <strong>add another site to your account</strong>. There is no limit to the number of sites you can have, so create to your heart&#8217;s content, but write responsibly!","お帰りなさい、%s さん。以下に入力すると、<strong>アカウントにもうひとつサイトを追加</strong>できます。サイトの数に制限はありませんので好きなだけ作成してかまいませんが、責任を持って運営してください。"
"Sites you are already a member of:","すでにメンバー登録済みのサイト: "
"If you&#8217;re not going to use a great site domain, leave it for a new user. Now have at it!","もしサイトのドメインを使用しないのなら、新しいユーザーのためにとっておいてください。ではどうぞはじめてください !"
"Create Site","サイトを作成"
"The site %s is yours.","このサイト %s があなたのサイトです。"
"<a href=\"http://%s\">http://%s</a> is your new site. <a href=\"%s\">Log in</a> as &#8220;%s&#8221; using your existing password.","<a href=\"http://%s\">http://%s</a> はあなたの新しいサイトです。設定したパスワードを使って、「%s」として<a href=\"%s\">ログイン</a>してください。"
"Get your own %s account in seconds","%s のアカウントをいますぐ取得"
"Gimme a site!","サイトを作成 !"
"Just a username, please.","ユーザー登録のみ。"
"Next","次ページへ"
"%s is your new username","新しいユーザー名は %s です"
"But, before you can start using your new username, <strong>you must activate it</strong>.","ただし、新しいユーザー名を使用するには、<strong>このユーザー名を有効化する必要があります</strong>。"
"Check your inbox at <strong>%s</strong> and click the link given.","<strong>%s</strong> の受信トレイを確認して、メールに記載されているリンクをクリックしてください。"
"If you do not activate your username within two days, you will have to sign up again.","2日以内にユーザー名を有効化しなかった場合、再登録が必要になります。"
"Signup","サインアップ"
"Congratulations! Your new site, %s, is almost ready.","おめでとうございます ! 新しいサイト、%s の準備がほぼ整いました。"
"But, before you can start using your site, <strong>you must activate it</strong>.","ただし、サイトを利用する前に<strong>有効化する必要があります</strong>。"
"If you do not activate your site within two days, you will have to sign up again.","2日以内にサイトを有効化しなかった場合、再登録が必要になります。"
"Still waiting for your email?","認証メールがまだ届いていませんか ?"
"If you haven&#8217;t received your email yet, there are a number of things you can do:","確認メールがまだ届いていない場合、いくつか試せることがあります。"
"Wait a little longer. Sometimes delivery of email can be delayed by processes outside of our control.","もう少々お待ちください。時々私たちがコントロールできない理由でメールの配達が遅れることがあります。"
"Check the junk or spam folder of your email client. Sometime emails wind up there by mistake.","メールクライアントの迷惑メールやスパムメール受信箱を確認してみてください。ときどきメールが誤って処理されることがあります。"
"Have you entered your email correctly?  You have entered %s, if it&#8217;s incorrect, you will not receive your email.","正しいメールアドレスを入力しましたか ? 入力されたのは %s のようですが、間違っていた場合はメールが届きません。"
"all","すべて"
"none","なし"
"blog","ブログ"
"user","ユーザー"
"Greetings Site Administrator! You are currently allowing &#8220;%s&#8221; registrations. To change or disable registration go to your <a href=\"%s\">Options page</a>.","サイト管理者さん、こんにちは ! 現在&#8220;%s&#8221; の登録を許可しています。登録を変更・無効化するには<a href=\"%s\">サイト設定</a>ページを開いてください。"
"Registration has been disabled.","登録は無効化されました。"
"You must first <a href=\"%s\">log in</a>, and then you can create a new site.","新しいサイトを作成するには、まず<a href=\"%s\">ログイン</a>してください。"
"User registration has been disabled.","ユーザー登録は無効化されました。"
"Site registration has been disabled.","サイト登録は無効化されました。"
"Sorry, new registrations are not allowed at this time.","現在このサイトに新規登録することはできません。"
"You are logged in already. No need to register again!","すでにログインしています。再登録する必要はありません !"
"<p><em>The site you were looking for, <strong>%s</strong> does not exist, but you can create it now!</em></p>","<p><em>お探しのサイト、<strong>%s</strong> は見つかりませんでしたが、いますぐ作成できます !</em></p>"
"<p><em>The site you were looking for, <strong>%s</strong>, does not exist.</em></p>","<p><em>お探しのサイト、<strong>%s</strong> は見つかりませんでした。</em></p>"
"Learn word","単語を学習"
"Insert Page Break","改ページを挿入"
"Types","種類"
"Lower alpha","小文字英字"
"Lower greek","小文字ギリシャ数字"
"Lower roman","小文字のローマ数字"
"Upper alpha","大文字のアルファベット"
"Upper roman","大文字のローマ数字"
"Circle","円"
"Disc","黒丸"
"Square","四角"
"Rich Text Area","リッチテキストエリア"
"Words:","単語数:"
"Styles","スタイル"
"Font size","文字サイズ"
"Font family","フォント"
"Format","フォーマット"
"Paragraph","段落"
"Address","アドレス"
"Preformatted","整形済み"
"Heading 1","見出し1"
"Heading 2","見出し2"
"Heading 3","見出し3"
"Heading 4","見出し4"
"Heading 5","見出し5"
"Heading 6","見出し6"
"Blockquote","引用"
"Code","ソースコード"
"Code sample","コードサンプル"
"Definition term","語句定義"
"Definition description","語句説明"
"Underline","下線"
"Strikethrough (Alt + Shift + D)","取り消し線 (Alt + Shift + D)"
"Align Left (Alt + Shift + L)","左詰め (Alt + Shift + L)"
"Align Center (Alt + Shift + C)","中央寄せ (Alt + Shift + C)"
"Align Right (Alt + Shift + R)","右詰め (Alt + Shift + R)"
"Align Full (Alt + Shift + J)","均等割付 (Alt + Shift + J)"
"Outdent","インデント解除"
"Indent","インデント"
"Undo (Ctrl + Z)","取り消し (Ctrl + Z)"
"Redo (Ctrl + Y)","やり直し (Ctrl + Y)"
"Cleanup messy code","コード整形"
"Edit HTML Source","HTML ソース編集"
"Subscript","下付き"
"Superscript","上付き"
"Insert horizontal ruler","水平線"
"Remove formatting","フォーマット解除"
"Select text color","文字色"
"Select background color","背景色"
"Insert custom character","特殊文字"
"Toggle guidelines/invisible elements","ガイドラインと非表示項目の表示切替"
"Insert/edit anchor","アンカーの挿入/編集"
"Cut","切り取り"
"Copy","コピー"
"Paste","貼り付け"
"Image properties","画像のプロパティ"
"New document","新規作成"
"Help","ヘルプ"
"Path","パス"
"Are you sure you want to clear all contents?","すべての内容を破棄してもいいですか ?"
"Jump to tool buttons - Alt+Q, Jump to editor - Alt-Z, Jump to element path - Alt-X","ツールボタンへジャンプ - Alt+Q, エディターにジャンプ - Alt-Z, エレメントパスへジャンプ - Alt-X"
"Accessibility Help","アクセシビリティヘルプ"
"Press ALT F10 for toolbar. Press ALT 0 for help.","ツールバーを表示するには Alt + F10 を、ヘルプは Alt + 0 を押してください。"
"Toolbar","ツールバー"
"About TinyMCE","TinyMCE について"
"About","紹介"
"License","ライセンス"
"Plugins","プラグイン"
"Plugin","プラグイン"
"Author","作成者"
"Version","バージョン"
"Loaded plugins","読込済みプラグイン"
"Anchor name","アンカー名"
"HTML Source Editor","HTML ソースエディター"
"Word wrap","折り返し"
"Select a color","色を選択"
"Picker","カラーピッカー"
"Color picker","カラーピッカー"
"Palette","パレット"
"Palette colors","パレットの色"
"Named","既定色"
"Named colors","既定色"
"Color:","カラー:"
"Name:","カラー名:"
"Select custom character","特殊文字"
"Use left and right arrows to navigate.","ナビゲーションに左右矢印を使用する。"
"Image URL","画像の URL"
"Image description","画像の説明"
"Image list","一覧から選ぶ"
"Border","枠線"
"Dimensions","サイズ"
"Vertical space","上下余白"
"Horizontal space","左右余白"
"Top","上"
"Bottom","下"
"Link URL","リンク URL"
"Target","リンクターゲット"
"Open link in the same window","同じウインドウで開く"
"Open link in a new window","新しいウインドウで開く"
"The URL you entered seems to be an email address, do you want to add the required mailto: prefix?","メールアドレスが入力されました。リンクに mailto: を付加しますか ?"
"The URL you entered seems to external link, do you want to add the required http:// prefix?","ご指定の URL は外部リンクのようです。先頭に http:// を付加しますか ?"
"Link list","一覧から選ぶ"
"General Usage","一般的な用法"
"General","一般"
"Advanced","詳細"
"File/URL","ファイル/URL"
"List","リスト"
"Constrain proportions","縦横比を保存"
"Id","ID"
"V-Space","上下余白"
"H-Space","左右余白"
"Auto play","自動再生"
"Loop","繰り返し再生"
"Show menu","メニューを表示"
"Quality","品質"
"Scale","伸縮"
"Align","配置"
"AutoHREF","自動読込"
"Cache","キャッシュ"
"Hidden","非表示"
"Controller","コントローラ表示"
"Kiosk mode","Kiosk モード"
"Play every frame","全フレーム再生"
"Target cache","ターゲットキャッシュ"
"No correction","無修正"
"Enable JavaScript","JavaScript を有効にする"
"Start time","開始フレーム"
"End time","終了フレーム"
"Choke speed","再生データレート"
"Volume","音量"
"Auto start","自動再生"
"Enabled","有効"
"Fullscreen","フルスクリーン"
"Invoke URLs","URL を開く"
"Mute","ミュート"
"Stretch to fit","自動サイズ変更"
"Windowless video","windowless モード"
"Balance","ステレオのバランス"
"Captioning id","キャプション表示要素 ID"
"Current marker","マーカー番号"
"Current position","再生位置 (秒単位)"
"Default frame","デフォルトフレーム"
"Play count","再生回数"
"Rate","再生レート"
"UI Mode","UI 表示モード"
"Flash options","Flash オプション"
"QuickTime options","QuickTime 設定"
"Windows media player options","Windows Media Player オプション"
"Real media player options","Real Media Player オプション"
"Shockwave options","Shockwave オプション"
"Auto goto URL","autogotourl"
"Image status","画像ステータス"
"Maintain aspect","縦横比保存"
"No java","Java を禁止"
"Prefetch","プリフェッチ"
"Shuffle","シャッフル"
"Console","コンソール"
"Num loops","繰り返し回数"
"Controls","コントローラ表示"
"Script callbacks","コールバックイベント"
"Stretch style","伸縮"
"Stretch H-Align","水平位置"
"Stretch V-Align","垂直位置"
"Sound","サウンド"
"Streamed rtsp resources should be added to the QT Src field under the advanced tab.","ストリーム rtsp リソースを上級モードタブの QT Src 欄に入力してください。"
"Top left","左上"
"Top right","右上"
"Bottom left","左下"
"Bottom right","右下"
"Flash video options","Flash 動画オプション"
"Scale mode","伸縮モード"
"Buffer","バッファ秒数"
"Start image","初期画像 URL"
"Default volume","初期音量"
"Hidden GUI","コントローラ非表示"
"Show scale modes","伸縮切替ボタン表示"
"Smooth video","スムージング"
"JS Callback","JS コールバック"
"HTML5 Video Options","HTML5 動画オプション"
"Alternative source 1","代替ソース 1"
"Alternative source 2","代替ソース 2"
"Preload","先読み"
"Poster","ポスター"
"Source","ソース"
"Show/Hide Kitchen Sink (Alt + Shift + Z)","全ツール表示切り替え (Alt + Shift + Z)"
"Insert More Tag (Alt + Shift + T)","More タグ挿入 (Alt + Shift + T)"
"Insert Page break (Alt + Shift + P)","改ページ挿入 (Alt + Shift + P)"
"More...","もっと読む..."
"Next page...","次のページ..."
"Add Media","メディアを追加"
"Add an Image","画像を追加"
"Add Video","動画を追加"
"Add Audio","音声を追加"
"Edit Gallery","ギャラリーを編集"
"Delete Gallery","ギャラリーを削除"
"Distraction Free Writing mode (Alt + Shift + W)","集中執筆モード (Alt + Shift + W)"
"Edit Image","画像を編集"
"Delete Image","画像を削除"
"Advanced Settings","詳細設定"
"Size","サイズ"
"Thumbnail","サムネイル"
"Medium","普通"
"Full Size","フルサイズ"
"Current Link","現在のリンク"
"Link to Image","画像にリンクを張る"
"Enter a link URL or click above for presets.","リンク URL を入力するか、または上のいずれかをクリックしてください。"
"Advanced Image Settings","詳細画像設定"
"Width","幅"
"Height","高さ"
"Original Size","元のサイズ"
"CSS Class","CSS クラス"
"Advanced Link Settings","詳細リンク設定"
"Link Rel","リンク rel"
"Caption","キャプション"
"Alternative Text","代替テキスト"
"Rich Editor Help","リッチエディターのヘルプ"
"Basics of Rich Editing","リッチエディターの基本情報"
"Basics","基本情報"
"Advanced use of the Rich Editor","リッチエディターの詳細"
"Hotkeys","ホットキー"
"About the software","このソフトウェアについて"
"Rich Editing Basics","リッチエディットの基本情報"
"<em>Rich editing</em>, also called WYSIWYG for What You See Is What You Get, means your text is formatted as you type. The rich editor creates HTML code behind the scenes while you concentrate on writing. Font styles, links and images all appear approximately as they will on the internet.","<em>リッチエディット</em>は WYSIWYG (What You See Is What You Get) とも呼ばれ、テキストを入力すると自動的にそのテキストがフォーマットされます。このリッチエディターはあなたがテキストを書いている間、その後ろで HTML コードを作成します。フォントスタイル、リンク、そして画像が通常インターネット上で見るのと同じように表示されます。"
"WordPress includes a rich HTML editor that works well in all major web browsers used today. However editing HTML is not the same as typing text. Each web page has two major components: the structure, which is the actual HTML code and is produced by the editor as you type, and the display, that is applied to it by the currently selected WordPress theme and is defined in style.css. WordPress is producing valid XHTML 1.0 which means that inserting multiple line breaks (BR tags) after a paragraph would not produce white space on the web page. The BR tags will be removed as invalid by the internal HTML correcting functions.","WordPress には今日の主要な Web ブラウザすべてで作動するリッチエディターが組み込まれています。ただし、HTML の編集は普通のテキストのそれとは違う点が多いということを常に意識してください。ウェブページは2つの主要な構成要素から成り立っています。ひとつは「構造」です。構造はエディター上で作成される HTML コードそのものです。もうひとつは「表現」です。表現は現在選択されている WordPress テーマにより適用され、style.css により定義されます。WordPress は妥当な (valid) XHTML 1.0 を出力します。したがって、パラグラフの後に複数の改行 (BR タグ) を挿入してもウェブページ上に空白スペースが作られることはありません。内部の HTML 修正機能が BR タグを正しくないものとして取り去ってしまうでしょう。"
"While using the editor, most basic keyboard shortcuts work like in any other text editor. For example: Shift+Enter inserts line break, Ctrl+C = copy, Ctrl+X = cut, Ctrl+Z = undo, Ctrl+Y = redo, Ctrl+A = select all, etc. (on Mac use the Command key instead of Ctrl). See the Hotkeys tab for all available keyboard shortcuts.","他のテキストエディターがサポートするようなキーボードショートカットは、基本的なものはどれも使用できるようになっています。たとえば、Shift+Enter で改行を挿入、Ctrl+C でコピー、Ctrl+X でカット、Ctrl+Z で元に戻す、Ctrl+Y でやり直し、Ctrl+A ですべて選択、など (Mac の場合は Ctrl の代わりに Command キーを使います)。利用可能なすべてのキーボードショートカットは「ホットキー」タブでご確認ください。"
"If you do not like the way the rich editor works, you may turn it off from Your Profile submenu, under Users in the admin menu.","もしこのリッチエディターが気に入らなければ、管理画面の「ユーザー」設定の「あなたのプロフィール」でこの機能を無効にできます。"
"Advanced Rich Editing","リッチエディターの詳細"
"Images and Attachments","画像とファイル"
"There is a button in the editor toolbar for inserting images that are already hosted somewhere on the internet. If you have a URL for an image, click this button and enter the URL in the box which appears.","インターネット上にアップロード済みの画像を挿入するためのボタンがエディターツールバーにあります。その画像の URL がお分かりなら、このボタンをクリックして表示されるボックスにその URL を入力してください。"
"If you need to upload an image or another media file from your computer, you can use the Media Library button above the editor. The media library will attempt to create a thumbnail-sized copy from each uploaded image. To insert your image into the post, first click on the thumbnail to reveal a menu of options. When you have selected the options you like, click \"Insert into Post\" and your image or file will appear in the post you are editing.","お使いのコンピュータから画像ファイルなどのメディアファイルをアップロードする必要がある場合は、エディターの上にあるメディアライブラリボタンを使用できます。メディアライブラリは、アップロードされた各画像からサムネイルサイズのコピーを作成しようとします。アップロードした画像を投稿に挿入するには、まずサムネイルをクリックしてオプションメニューを表示してください。オプションを選択して「投稿に挿入」をクリックすると、その画像またはファイルが編集中の投稿に現れます。"
"HTML in the Rich Editor","リッチエディター内の HTML"
"Any HTML entered directly into the rich editor will show up as text when the post is viewed. What you see is what you get. When you want to include HTML elements that cannot be generated with the toolbar buttons, you must enter it by hand in the Text editor. Examples are tables and &lt;code&gt;. To do this, click the Text tab and edit the code, then switch back to Visual mode. If the code is valid and understood by the editor, you should see it rendered immediately.","リッチエディターに直接入力した HTML コードは、投稿が表示される際にテキストとして表示されます。管理画面で見えているものが、投稿でもそのまま表示されるということです。ツールバーボタンで入力できない HTML の要素を使いたい場合は、テキストエディターを使ってて入力する必要があります。たとえば、テーブルや &lt;code&gt; などです。まずはテキストエディターのタブをクリックして、コードを編集し、それからビジュアルモードに戻ってみましょう。コードが有効でありエディターが理解できるものであれば、その場でレンダリングされたものを見ることができます。"
"Pasting in the Rich Editor","リッチエディターへのペースト"
"When pasting content from another web page the results can be inconsistent and depend on your browser and on the web page you are pasting from. The editor tries to correct any invalid HTML code that was pasted, but for best results try using the Text tab or one of the paste buttons that are on the second row. Alternatively try pasting paragraph by paragraph. In most browsers to select one paragraph at a time, triple-click on it.","別のウェブページからコンテンツをペーストすると、ブラウザや元のウェブページによって不整合が起きることがあります。エディターは、ペーストされた無効な HTML コードを修正しようとします。が、テキストタブを使うか二行目にあるペーストボタンを利用してみるのが最もよいやり方です。または、段落ごとにひとつひとつペーストしてみましょう。多くのブラウザでは、トリプルクリックをすると段落を選択できます。"
"Pasting content from another application, like Word or Excel, is best done with the Paste from Word button on the second row, or in Text mode.","Word や Excel など、別のアプリケーションからコンテンツをペーストする場合、二行目にある「Word からペースト」ボタンを使うか、テキストモードを使うとうまくいきます。"
"Writing at Full Speed","フルスピードで入力"
"Rather than reaching for your mouse to click on the toolbar, use these access keys. Windows and Linux use Ctrl + letter. Macintosh uses Command + letter.","ツールバーをクリックするためにマウスに手を伸ばすよりも次のアクセスキーを使用してみましょう。Windows と Linux では Ctrl + 文字、Macintosh では Command + 文字を使用します。"
"Letter","キー"
"Action","操作"
"Select all","すべて選択"
"Undo","取り消し"
"Redo","やり直し"
"Bold","太字"
"Italic","イタリック"
"The following shortcuts use different access keys: Alt + Shift + letter.","以下のショートカットは異なるアクセスキーを使用します: Alt + Shift + 文字"
"Check Spelling","スペルをチェック"
"Align Left","左揃え"
"Justify Text","均等割り付け"
"Align Center","中央揃え"
"Strikethrough","打ち消し"
"Align Right","右揃え"
"Insert link","リンクの挿入"
"Remove link","リンクの削除"
"Quote","引用"
"Insert Image","画像の挿入"
"Distraction Free Writing mode","集中執筆モード"
"Insert More Tag","More タグを挿入"
"Insert Page Break tag","Page Break タグを挿入"
"Editor width in Distraction Free Writing mode:","集中執筆モードのエディター幅:"
"Wider","幅を広げる"
"Narrower","幅を狭める"
"Default width","デフォルトの幅"
"Version:","バージョン:"
"TinyMCE is a platform independent web based Javascript HTML WYSIWYG editor released as Open Source under %sLGPL</a>\tby Moxiecode Systems AB. It has the ability to convert HTML TEXTAREA fields or other HTML elements to editor instances.","TinyMCE は Moxiecode Systems AB によって %sLGPL</a> に基づくオープンソースとして公開されている、プラットフォームに依存しないウェブベースの Javascript HTML WYSIWYG エディターです。HTML テキストエリアなどの HTML 要素をエディタインスタンスに変換できるようになっています。"
"GNU Library General Public License","GNU ライブラリ一般公衆利用許諾契約書"
"For more information about this software visit the <a href=\"http://tinymce.com\" target=\"_blank\">TinyMCE website</a>.","このソフトウェアについての詳しい情報は、<a href=\"http://tinymce.com\" target=\"_blank\">TinyMCE のサイト</a>をご覧ください。"
"Comments Feed","コメントフィード"
"Edit This","編集"
"Edit comment","コメント編集"
"Edit Link","リンクの編集"
"Use commas instead of %s to separate excluded categories.","カテゴリーを区切るには「%s」ではなく半角英字のカンマを使ってください。"
"Previous Post","過去の投稿へ"
"Next Post","次の投稿へ"
"Newer Comments &raquo;","新しいコメント &raquo;"
"&laquo; Older Comments","&laquo; 古いコメント"
"This is the short link.","これは短縮 URL です。"
"Your server is running PHP version %s but WordPress %s requires at least %s.","サーバーの PHP バージョンは %s ですが WordPress %s は %s 以上のみでご利用になれます。"
"Your PHP installation appears to be missing the MySQL extension which is required by WordPress.","お使いのサーバーの PHP では WordPress に必要な MySQL 拡張を利用できないようです。"
"Maintenance","メンテナンス"
"Briefly unavailable for scheduled maintenance. Check back in a minute.","現在メンテナンス中のため、しばらくの間ご利用いただけません。"
"<strong>ERROR</strong>: <code>$table_prefix</code> in <code>wp-config.php</code> can only contain numbers, letters, and underscores.","<strong>エラー</strong>: <code>wp-config.php</code> 内の <code>$table_prefix</code> には半角英数字と下線のみしか使えません。"
"The site you have requested is not installed properly. Please contact the system administrator.","リクエストされたサイトは正常にインストールされていません。システム管理者にお問い合わせください。"
"S_Sunday_initial","日_Sunday_initial"
"M_Monday_initial","月_Monday_initial"
"T_Tuesday_initial","火_Tuesday_initial"
"W_Wednesday_initial","水_Wednesday_initial"
"T_Thursday_initial","木_Thursday_initial"
"F_Friday_initial","金_Friday_initial"
"S_Saturday_initial","土_Saturday_initial"
"Drop files to upload","ファイルをドロップしてアップロード"
"Upload Limit Exceeded","アップロード上限超過"
"Drop files anywhere to upload","アップロードするファイルをドロップ"
"Select Files","ファイルを選択"
"Maximum upload file size: %d%s.","最大アップロードファイルサイズ: %d%s。"
"Your browser has some limitations uploading large files with the multi-file uploader. Please use the <a href=\"%s\" target=\"%s\">browser uploader</a> for files over 100MB.","お使いのブラウザーは、複数ファイルアップローダーを使って大きなファイルをアップロードすることができません。 100MBを超えるファイルには<a href=\"%s\" target=\"%s\">ブラウザーアップローダー</a>を使ってください。 "
"Uploading","アップロード中"
"Dismiss Errors","エラーを非表示にする"
"Error","エラー "
"Deselect","選択を解除"
"Caption this image&hellip;","この画像のキャプション"
"Describe this video&hellip;","このビデオの説明を書く"
"Describe this audio file&hellip;","この音声の説明を書く"
"Describe this media file&hellip;","このメディアの説明を書く"
"Attachment Details","添付ファイルの詳細"
"Refresh","再読み込み"
"Delete Permanently","完全に削除する"
"Alt Text","代替テキスト"
"Description","説明"
"Edit","編集"
"Clear","クリア"
"Attachment Display Settings","添付ファイルの表示設定"
"Link To","リンク先"
"Custom URL","カスタム URL"
"Attachment Page","添付ファイルのページ"
"Media File","メディアファイル"
"Large","大サイズ"
"Gallery Settings","ギャラリーの設定"
"Columns","カラム"
"Random Order","ランダム"
"No editor could be selected.","エディターを選択できませんでした。"
"Allowed Files","アップロードできるファイル"
"Select","選択"
"%d selected","%d点を選択済"
"Drag and drop to reorder images.","画像を並べ替えるにはドラッグ & ドロップ操作をしてください。"
"Upload Files","ファイルをアップロード"
"Upload Images","画像をアップロード"
"Media Library","メディアライブラリ"
"Insert Media","メディアを挿入"
"Create a new gallery","ギャラリーを作成"
"&#8592; Return to library","&#8592; ライブラリへ戻る"
"All media items","すべてのメディア"
"No items found.","アイテムは見つかりませんでした。"
"Insert into page","固定ページに挿入"
"Insert into post","投稿に挿入"
"Uploaded to this page","この固定ページへのアップロード"
"Uploaded to this post","この投稿へのアップロード"
"You are about to permanently delete this item.\n  'Cancel' to stop, 'OK' to delete.","この項目を完全に削除しようとしています。\n中止するには 'キャンセル' を、削除するには 'OK' をクリックしてください。"
"Insert from URL","URL から挿入"
"Set Featured Image","アイキャッチ画像を設定"
"Set featured image","アイキャッチ画像を設定"
"Create Gallery","ギャラリーを作成"
"&#8592; Cancel Gallery","&#8592; ギャラリーをキャンセル"
"Insert gallery","ギャラリーを挿入"
"Update gallery","ギャラリーを更新"
"Add to gallery","ギャラリーに追加"
"Add to Gallery","ギャラリーに追加"
"Reverse order","順序を逆にする"
"The constant <code>VHOST</code> <strong>is deprecated</strong>. Use the boolean constant <code>SUBDOMAIN_INSTALL</code> in wp-config.php to enable a subdomain configuration. Use is_subdomain_install() to check whether a subdomain configuration is enabled.","定数 <code>VHOST</code> は<strong>廃止予定です</strong>。サブドメインの設定は、wp-config.php の中で二値定数 <code>SUBDOMAIN_INSTALL</code> で行ってください。is_subdomain_install() を用いて、サブドメインが有効かどうかチェックできます。"
"<strong>Conflicting values for the constants VHOST and SUBDOMAIN_INSTALL.</strong> The value of SUBDOMAIN_INSTALL will be assumed to be your subdomain configuration setting.","<strong>定数 VHOST と 定数 SUBDOMAIN_INSTALL が矛盾しています。</strong> SUBDOMAIN_INSTALL の値はサブドメインの設定と合わせてください。"
"The requested user does not exist.","リクエストされたユーザーが見つかりません。"
"That user does not exist.","選択したユーザーが見つかりません。"
"<strong>ERROR</strong>: Site URL already taken.","<strong>エラー</strong>: そのサイト URL はすでに使われています。"
"<strong>ERROR</strong>: problem creating site entry.","<strong>エラー</strong>: サイトエントリーの作成中に問題が発生しました。"
"Only lowercase letters (a-z) and numbers are allowed.","a-z の半角英数字の小文字と数字のみが使えます。"
"Please enter a username.","ユーザー名を入力してください。"
"That username is not allowed.","そのユーザー名は利用できません。"
"You cannot use that email address to signup. We are having problems with them blocking some of our email. Please use another email provider.","私たちからのメールがブロックされることがあるため、そのメールアドレスはユーザー登録に使用できません。別のプロバイダーのメールアドレスを使用してください。"
"Username must be at least 4 characters.","ユーザー名は4文字以上必要です。"
"Sorry, usernames may not contain the character &#8220;_&#8221;!","ユーザー名に '_' (アンダーバー) を含めることはできません !"
"Sorry, usernames must have letters too!","ユーザー名には半角英字の小文字を含めてください !"
"Please enter a valid email address.","有効なメールアドレスを入力してください。"
"Sorry, that email address is not allowed!","そのメールアドレスでは登録できません !"
"Sorry, that username already exists!","このユーザー名はすでに使用されています !"
"Sorry, that email address is already used!","このメールアドレスはすでに使用されています !"
"That username is currently reserved but may be available in a couple of days.","このユーザー名は別の方が予約中ですが、数日すれば利用できるようになるかもしれません。"
"username and email used","このユーザー名とメールアドレスは使用されています"
"That email address has already been used. Please check your inbox for an activation email. It will become available in a couple of days if you do nothing.","このメールアドレスはすでに使用されています。登録お知らせメールが届いていないか受信トレイを確認してください。数日以内に有効化されなければ、再びこのメールアドレスをユーザー登録に使用できるようになります。"
"Please enter a site name.","サイト名を入力してください。"
"That name is not allowed.","その名称は利用できません。"
"Site name must be at least 4 characters.","サイト名は4文字以上必要です。"
"Sorry, site names may not contain the character &#8220;_&#8221;!","サイト名に '_' (アンダーバー) を含めることはできません !"
"Sorry, you may not use that site name.","このサイト名は使えません。"
"Sorry, site names must have letters too!","サイト名には半角アルファベットを含めてください !"
"Please enter a site title.","サイトタイトルを入力してください。"
"Sorry, that site already exists!","このサイト名はすでに使用されています !"
"Sorry, that site is reserved!","このサイト名は予約済みです !"
"That site is currently reserved but may be available in a couple days.","このサイト名は予約中ですが、数日中に利用可能になるかもしれません。"
"To activate your blog, please click the following link:\n\n%s\n\nAfter you activate, you will receive *another email* with your login.\n\nAfter you activate, you can visit your site here:\n\n%s","ブログを有効化するには次のリンクをクリックしてください:\n\n%s\n\n有効化を行うとメールがもう一通届きます。ここにログイン情報が書いてあります。\n\n有効化後、以下のリンクから自分のサイトにアクセスできます:\n\n%s"
"[%s] Activate %s","[%s] %s を有効化"
"To activate your user, please click the following link:\n\n%s\n\nAfter you activate, you will receive *another email* with your login.","ユーザーを有効化するには、以下のリンクをクリックしてください:\n\n%s\n\n有効化すると、ログイン情報を含むメールが別途届きます。"
"Invalid activation key.","無効な有効化キーです。"
"The user is already active.","このユーザーはすでに認証済みです。"
"The site is already active.","このサイトはすでに有効化済みです。"
"Could not create user","ユーザーを作成できませんでした"
"That username is already activated.","このユーザー名はすでに有効化されています。"
"Could not create site.","サイトを作成できませんでした。"
"New Site: %s\nURL: %s\nRemote IP: %s\n\nDisable these notifications: %s","新サイト: %s\nURL: %s\nリモート IP: %s\n\nこの通知をオフにする: %s"
"New Site Registration: %s","新規サイト登録: %s"
"New User: %s\nRemote IP: %s\n\nDisable these notifications: %s","新ユーザー: %s\nリモート IP: %s\n\nこの通知をオフにする: %s"
"New User Registration: %s","新規ユーザー登録: %s"
"Already Installed","すでにインストールされています"
"You appear to have already installed WordPress. To reinstall please clear your old database tables first.","すでに WordPress をインストール済みのようです。再インストールするには、まず以前のデータベーステーブルを削除してください。"
"Dear User,\n\nYour new SITE_NAME site has been successfully set up at:\nBLOG_URL\n\nYou can log in to the administrator account with the following information:\nUsername: USERNAME\nPassword: PASSWORD\nLog in here: BLOG_URLwp-login.php\n\nWe hope you enjoy your new site. Thanks!\n\n--The Team @ SITE_NAME","ユーザー様へ\n\n新しいサイト SITE_NAME の設置に成功しました:\nBLOG_URL\n\n以下の情報を使って、管理者としてログインできます:\nユーザー名: USERNAME\nパスワード: PASSWORD\nログイン URL: BLOG_URLwp-login.php\n\n新しいサイトをお楽しみください。どうもありがとうございます !\n-- 運営チーム @ SITE_NAME"
"New %s Site: %s","新しい %s のサイト: %s"
"New %s User: %s","新しい %s のユーザー: %s"
"This file is too big. Files must be less than %d KB in size.","ファイルが大きすぎます。サイズを%dキロバイト以下にしてください。"
"An error occurred adding you to this site. Back to the <a href=\"%s\">homepage</a>.","あなたをこのサイトに追加する際にエラーが起こりました。<a href=\"%s\">ホームページ</a>に戻ってください。"
"You have been added to this site. Please visit the <a href=\"%s\">homepage</a> or <a href=\"%s\">log in</a> using your username and password.","あなたをこのサイトに追加しました。<a href=\"%s\">ホームページ</a>に移動するか、ユーザー名とパスワードを使って<a href=\"%s\">ログイン</a>してください。"
"WordPress &rsaquo; Success","WordPress &rsaquo; 成功"
"Dear User,\n\nYour new account is set up.\n\nYou can log in with the following information:\nUsername: USERNAME\nPassword: PASSWORD\nLOGINLINK\n\nThanks!\n\n--The Team @ SITE_NAME","ユーザー様へ\n\n新しいアカウントを作成しました。\n\n以下の情報を使ってログインできます。\nユーザー名: USERNAME\nパスワード: PASSWORD\nLOGINLINK\n\nどうもありがとうございます !\n\n-- 運営チーム @ SITE_NAME"
"This user has elected to delete their account and the content is no longer available.","ユーザーがアカウントを削除したためコンテンツは表示できなくなっています。"
"This site has not been activated yet. If you are having problems activating your site, please contact <a href=\"mailto:%s\">%s</a>.","このサイトはまだ有効化されていません。有効化がうまくいかないときは、<a href=\"mailto:%s\">%s</a> までお問い合わせください。"
"This site has been archived or suspended.","このサイトはアーカイブに保存されたか一時停止中になっています。"
"That site does not exist. Please try <a href=\"%s\">%s</a>.","そのサイトは存在しません。<a href=\"%s\">%s</a> をお試しください。"
"No site defined on this host. If you are the owner of this site, please check <a href=\"http://codex.wordpress.org/Debugging_a_WordPress_Network\">Debugging a WordPress Network</a> for help.","このホスト上ではサイトが定義されていません。もしあなたがサイトの所有者なら、<a href=\"http://wpdocs.sourceforge.jp/Debugging_a_WordPress_Network\">WordPress ネットワークのデバッグ</a>のヘルプをご覧ください。"
"If your site does not display, please contact the owner of this network.","サイトが表示されない場合は、このネットワークの所有者にご連絡ください。"
"If you are the owner of this network please check that MySQL is running properly and all tables are error free.","あなたがこのネットワークのオーナーなら、MySQL が適切に動いていることと、すべてのテーブルにエラーがないことを確認してください。"
"<strong>Database tables are missing.</strong> This means that MySQL is not running, WordPress was not installed properly, or someone deleted <code>%s</code>. You really should look at your database now.","<strong>データベーステーブルがありません。</strong>MySQL が起動していないか、WordPress が正しくインストールされていないか、<code>%s</code> が削除されています。今すぐデータベースをチェックした方が良いでしょう。"
"<strong>Could not find site <code>%s</code>.</strong> Searched for table <code>%s</code> in database <code>%s</code>. Is that right?","<strong>サイト <code>%s</code> が見つかりませんでした。</strong> <code>%s</code> データベース内で <code>%s</code> テーブルを検索しましたが、これで間違いありませんか ?"
"What do I do now?","次に何をすればいいでしょう ?"
"Read the <a target=\"_blank\" href=\"http://codex.wordpress.org/Debugging_a_WordPress_Network\">bug report</a> page. Some of the guidelines there may help you figure out what went wrong.","<a target=”_blank\" href=\"http://wpdocs.sourceforge.jp/Debugging_a_WordPress_Network\">バグレポート</a>のページをご覧ください。ガイドラインに従えば、問題点の解決に役に立つかもしれません。"
"If you&#8217;re still stuck with this message, then check that your database contains the following tables:","このメッセージが表示され続ける場合は、データベースに以下のテーブルが含まれているか確認してください。"
"Multisite only works without the port number in the URL.","複数サイト機能はポート番号を含まない URL のみで動作します。"
"Database tables are missing.","データベーステーブルが見つかりません。"
"No site by that name on this system.","システム内に該当する名前のサイトはありません。"
"The menu name <strong>%s</strong> conflicts with another menu name. Please try another.","<strong>%s</strong> という名前のメニューは既に存在しています。別の名前にしてください。"
"The given object ID is not that of a menu item.","指定された ID はメニュー項目のものではありません。"
"Custom","カスタム"
"%s is a protected WP option and may not be modified","%s は保護されている WP 設定なので変更できません"
"<strong>ERROR</strong>: Invalid username or incorrect password.","<strong>エラー</strong>: 無効なユーザー名か、間違ったパスワードです。"
"You should specify a nonce action to be verified by using the first parameter.","最初のパラメーターを使って検証されるノンスアクションを明記する必要があります。"
"New comment on your post \"%s\"","投稿 \"%s\" に新しいコメントがありました"
"Author : %s (IP: %s , %s)","投稿者: %s (IP: %s , %s)"
"E-mail : %s","メール: %s"
"URL    : %s","URL: %s"
"Whois  : http://whois.arin.net/rest/ip/%s","Whois : http://whois.arin.net/rest/ip/%s"
"Comment:","コメント: "
"You can see all comments on this post here:","この投稿へのすべてのコメントは次の URL で見ることができます: "
"[%s] Comment: \"%s\"","[%s] コメント: \"%s\""
"New trackback on your post \"%s\"","投稿 \"%s\" に新しいトラックバックがありました"
"Website: %s (IP: %s , %s)","ウェブサイト: %s (IP: %s , %s)"
"Excerpt:","抜粋: "
"You can see all trackbacks on this post here:","この投稿へのすべてのトラックバックは次の URL で見ることができます: "
"[%s] Trackback: \"%s\"","[%s] トラックバック: \"%s\""
"New pingback on your post \"%s\"","投稿 \"%s\" に新しいピンバックがありました"
"You can see all pingbacks on this post here:","この投稿へのすべてのピンバックは次の URL で見ることができます: "
"[%s] Pingback: \"%s\"","[%s] ピンバック: \"%s\""
"Permalink: %s","パーマリンク: %s"
"Trash it: %s","ゴミ箱に移動する: %s"
"Delete it: %s","削除する: %s"
"Spam it: %s","スパムとしてマークする: %s"
"A new trackback on the post \"%s\" is waiting for your approval","投稿 \"%s\" への新しいトラックバックが承認待ちです。"
"Website : %s (IP: %s , %s)","ウェブサイト: %s (IP: %s , %s)"
"Trackback excerpt:","トラックバック抜粋:"
"A new pingback on the post \"%s\" is waiting for your approval","投稿 \"%s\" への新しいピンバックが承認待ちです。"
"Pingback excerpt:","ピンバック抜粋:"
"A new comment on the post \"%s\" is waiting for your approval","投稿 \"%s\" への新しいコメントが承認待ちです。"
"Approve it: %s","承認する: %s"
"[%s] Please moderate: \"%s\"","[%s] モデレートしてください: \"%s\""
"Password Lost and Changed for user: %s","%s のパスワード紛失/変更"
"[%s] Password Lost/Changed","[%s] パスワード紛失/変更"
"New user registration on your site %s:","サイト「 %s 」の新規ユーザー登録:"
"Username: %s","ユーザー名: %s"
"E-mail: %s","メールアドレス: %s"
"[%s] New User Registration","[%s] 新規ユーザー登録"
"Password: %s","パスワード: %s"
"[%s] Your username and password","[%s] あなたのユーザー名とパスワード"
"Only a static class method or function can be used in an uninstall hook.","uninstall フックでは静的なクラスメソッドかファンクションのみ使用できます。"
"Protected: %s","保護中: %s"
"Private: %s","非公開: %s"
"(more...)","(続きを読む...)"
"There is no excerpt because this is a protected post.","この投稿はパスワードで保護されているため抜粋文はありません。"
"Pages:","ページ:"
"Next page","次ページ"
"Previous page","前のページ"
"Home","ホーム"
"This post is password protected. To view it please enter your password below:","この投稿はパスワードで保護されています。表示するにはパスワードを入力してください:"
"Submit","送信"
"j F, Y @ G:i","Y年n月j日 @ G:i"
"%s [Autosave]","%s [自動保存]"
"%s [Current Revision]","%s [現在のリビジョン]"
"%s by %s","%s @ %s "
"Restore","復元"
"Compare Revisions","リビジョン比較"
"Old","旧"
"New","新規"
"Date Created","作成日"
"Actions","操作"
"Post","投稿"
"Page","固定ページ"
"Media","メディア"
"Add New","新規追加"
"Edit Media","メディアを編集"
"View Attachment Page","添付ファイルのページを表示"
"Revisions","リビジョン"
"Revision","投稿リビジョン"
"Navigation Menu Items","ナビゲーションメニューの項目"
"Navigation Menu Item","ナビゲーションメニューの項目"
"Published","公開済み"
"Scheduled","予約済み"
"Draft","下書き"
"Pending","保留中"
"Private","非公開"
"Trash","ゴミ箱"
"Invalid post","無効な投稿"
"Pending Review","レビュー待ち"
"Post types cannot exceed 20 characters in length","投稿タイプ名は20文字以内にしてください"
"Posts","投稿"
"Pages","固定ページ"
"Add New Post","新規投稿を追加"
"Add New Page","新規固定ページを追加"
"Edit Post","投稿の編集"
"Edit Page","固定ページを編集"
"New Page","新規固定ページ"
"View Page","固定ページを表示"
"Search Posts","投稿を検索"
"Search Pages","固定ページを検索"
"No posts found.","投稿が見つかりませんでした。"
"No pages found.","ページが見つかりませんでした。"
"No posts found in Trash.","ゴミ箱内に投稿が見つかりませんでした。"
"No pages found in Trash.","ゴミ箱内にページが見つかりませんでした。"
"Parent Page:","親ページ: "
"All Posts","投稿一覧"
"All Pages","固定ページ一覧"
"Images","画像"
"Manage Images","画像の管理"
"Audio","音声"
"Manage Audio","音声の管理"
"Video","動画"
"Manage Video","動画の管理"
"Passing an integer number of posts is deprecated. Pass an array of arguments instead.","投稿の整数値を渡す方法は非推奨になっています。代わりに引数の配列を渡してください。"
"Content, title, and excerpt are empty.","本文、タイトル、抜粋が空欄です。"
"Whoops, the provided date is invalid.","入力された日付は無効です。"
"Could not update post in the database","データベース内の投稿を更新できませんでした"
"Could not insert post into the database","データベースに投稿を追加できませんでした"
"The page template is invalid.","固定ページテンプレートが不正です。"
"Content","内容"
"Excerpt","抜粋"
"Cannot create a revision of a revision","リビジョンのリビジョンは作成できません"
"You do not have permission to preview drafts.","下書きをプレビューする権限がありません。"
"Standard","標準"
"Aside","アサイド"
"Chat","チャット"
"Gallery","ギャラリー"
"Link","リンク"
"Image","画像"
"Status","ステータス"
"Conditional query tags do not work before the query is run. Before then, they always return false.","条件付きクエリータグはクエリーが走る前には動作しません。その場合、常に false を返します。"
"\"caller_get_posts\" is deprecated. Use \"ignore_sticky_posts\" instead.","\"caller_get_posts\" は非推奨です。代わりに \"ignore_sticky_posts\" をお使いください。"
"This file no longer needs to be included.","このファイルは含める必要がなくなりました。"
"You are about to permanently delete the selected items.\n  'Cancel' to stop, 'OK' to delete.","選択した項目を完全に削除しようとしています。\n中止するには 'キャンセル' を、削除するには 'OK' をクリックしてください。"
"Enter a word to look up:","調べる単語を入力:"
"Dictionary lookup","辞書を参照"
"lookup","検索"
"Close all open tags","開いているすべてのタグを閉じる"
"close tags","タグを閉じる"
"Enter the URL","URL を入力してください"
"Enter the URL of the image","画像の URL を入力してください"
"Enter a description of the image","画像の説明を入力してください"
"fullscreen","フルスクリーン"
"Toggle fullscreen mode","フルスクリーン"
"text direction","テキスト記述方向"
"Toggle Editor Text Direction","テキスト記述方向の切替"
"You do not have permission to do that.","操作を実行する権限がありません。"
"An unidentified error has occurred.","不明なエラーが発生しました。"
"Dismiss","非表示にする"
"Next &gt;","次へ &gt;"
"&lt; Prev","&lt; 前へ"
"of","/"
"This feature requires inline frames. You have iframes disabled or your browser does not support them.","この機能では iframe が必要です。現在 iframe を無効化しているか、対応していないブラウザを使っているようです。"
"not configured","未設定"
"You have attempted to queue too many files.","キューに入れたファイルが多すぎます。"
"%s exceeds the maximum upload size for this site.","%s は、このサイトのアップロードサイズ上限を超えています。"
"This file is empty. Please try another.","このファイルは空です。別のファイルをお試しください。"
"This file type is not allowed. Please try another.","このファイルタイプは許可されていません。別のファイルをお試しください。"
"This file is not an image. Please try another.","このファイルは画像ではありません。別のファイルをお試しください。"
"Memory exceeded. Please try another smaller file.","メモリの許容量を超えました。別の小さいサイズのファイルでもう一度お試しください。"
"This is larger than the maximum size. Please try another.","ファイルサイズの上限を超えているようです。別のファイルをお試しください。"
"An error occurred in the upload. Please try again later.","アップロード中にエラーが発生しました。後ほど再度お試しください。"
"There was a configuration error. Please contact the server administrator.","設定にエラーがありました。サーバー管理者にお問い合わせください。"
"You may only upload 1 file.","ファイルのアップロードは1つまでです。"
"HTTP error.","HTTP エラー。"
"Upload failed.","アップロードに失敗しました。"
"Please try uploading this file with the %sbrowser uploader%s.","%sブラウザーアップローダ%sでこのファイルをアップロードしてみてください。"
"%s exceeds the maximum upload size for the multi-file uploader when used in your browser.","%s は、ブラウザ上からマルチファイルアップローダーを使う際のアップロードサイズ上限を超えています。"
"IO error.","IO エラー。"
"Security error.","セキュリティエラー。"
"File canceled.","ファイルをキャンセルしました。"
"Upload stopped.","アップロードを中止しました。"
"Crunching&hellip;","処理中&hellip;"
"moved to the trash.","ゴミ箱へ移動しました。"
"&#8220;%s&#8221; has failed to upload.","&#8220;%s&#8221; のアップロードに失敗しました。"
"Strength indicator","強度インジケータ"
"Very weak","非常に弱い"
"Weak","弱い"
"Strong","強力"
"Mismatch","不一致"
"(no title)","(タイトルなし)"
"No matches found.","一致するものが見つかりませんでした。"
"Save &amp; Activate","保存して有効化する"
"Save &amp; Publish","保存して公開"
"Saved","保存しました"
"Add","追加"
"Separate multiple categories with commas.","カテゴリーが複数ある場合はコンマで区切ってください。"
"Approve and Reply","承認と返信"
"Publish on:","公開日:"
"Schedule for:","公開予定日時:"
"Published on:","公開日時:"
"Show more comments","コメントをもっと見る"
"No more comments found.","これ以外のコメントは見つかりません。"
"Publish","公開"
"Schedule","予約投稿"
"Save as Pending","レビュー待ちとして保存"
"Save Draft","下書きとして保存"
"Public","公開"
"Public, Sticky","公開 (先頭に固定表示)"
"Password Protected","パスワードで保護されています"
"Privately Published","非公開"
"Submitted on:","投稿日:"
"Error while saving the changes.","変更を保存する際にエラーが発生しました。"
"Remove From Bulk Edit","一括編集から除く"
"Plugin Information:","プラグイン情報:"
"Are you sure you want to install this plugin?","本当にこのプラグインをインストールしてもいいですか ?"
"Select Color","色を選択"
"Current Color","現在の色"
"Could not load the preview image. Please reload the page and try again.","プレビュー画像を読み込むことができませんでした。ページを読み込み直してもう一度お試しください。"
"Use as featured image","アイキャッチ画像として使用"
"Saving...","保存しています…"
"Could not set that as the thumbnail image. Try a different attachment.","画像をサムネイルに設定できませんでした。他の添付ファイルをお試しください。"
"Done","完了"
"No results found.","見つかりませんでした。"
"You are about to permanently delete this menu. \n 'Cancel' to stop, 'OK' to delete.","このメニューを完全に削除しようとしています。\n中止するには 'キャンセル' を、削除するには 'OK' をクリックしてください。"
"Saving Draft&#8230;","下書きを保存しています&#8230;"
"Navigation Menus","ナビゲーションメニュー"
"Navigation Menu","ナビゲーションメニュー"
"Link Categories","リンクカテゴリー"
"Link Category","リンクカテゴリー"
"Search Link Categories","リンクカテゴリーを検索"
"All Link Categories","リンクカテゴリー一覧"
"Edit Link Category","リンクカテゴリーの編集"
"Update Link Category","リンクカテゴリーを更新"
"Add New Link Category","新規リンクカテゴリーを追加"
"New Link Category Name","新規リンクカテゴリー名"
"Taxonomies cannot exceed 32 characters in length","タクソノミーは32文字以上にはできません"
"Tags","タグ"
"Categories","カテゴリー"
"Tag","タグ"
"Category","カテゴリー"
"Search Tags","タグを検索"
"Search Categories","カテゴリーを検索"
"Popular Tags","人気のタグ"
"All Tags","すべてのタグ"
"All Categories","カテゴリー一覧"
"Parent Category","親カテゴリー"
"Parent Category:","親カテゴリー:"
"Edit Tag","タグの編集"
"Edit Category","カテゴリーの編集"
"View Tag","タグを表示"
"View Category","カテゴリーを表示"
"Update Tag","タグを更新"
"Update Category","カテゴリーを更新"
"Add New Tag","新規タグを追加"
"Add New Category","新規カテゴリーを追加"
"New Tag Name","新規タグ名"
"New Category Name","新規カテゴリー名"
"Separate tags with commas","タグが複数ある場合はコンマで区切ってください"
"Add or remove tags","タグの追加もしくは削除"
"Choose from the most used tags","よく使われているタグから選択"
"Empty Term","キーワードなし"
"A name is required for this term","このキーワードの名称は必須項目です"
"A term with the name provided already exists with this parent.","この項目の親項目の下に同じ名前のものが既に存在しています。"
"Could not insert term into the database","キーワードをデータベースに挿入できませんでした"
"A term with the name provided already exists.","同じ名前の項目がすでに存在しています。"
"Could not insert term relationship into the database","キーワードの関係をデータベースに挿入できませんでした"
"The slug &#8220;%s&#8221; is already in use by another term","このスラッグ &#8220;%s&#8221; はすでに他のキーワードで使用されています"
"Invalid object ID","無効なオブジェクト ID"
"Theme without %s","%s のないテーマ"
"Please include a %s template in your theme.","%s テンプレートをテーマに含めてください。"
"%s - Comments on %s","%s - %s へのコメント"
"<abbr title=\"Really Simple Syndication\">RSS</abbr> feed for comments on this post.","この投稿へのコメントの <abbr title=\"Really Simple Syndication\">RSS</abbr> フィード。"
"The <abbr title=\"Universal Resource Locator\">URL</abbr> to TrackBack this entry is: <em>%s</em>","この投稿へのトラックバック <abbr title=\"Universal Resource Locator\">URL</abbr>: <em>%s</em>"
"by %s &#8212; %s @ <a href=\"#comment-%s\">%s</a>","&#8212; %s @ <a href=\"#comment-%s\">%s</a>: %s より"
"No comments yet.","コメントはまだありません。"
"Leave a comment","コメントする"
"Line and paragraph breaks automatic, e-mail address never displayed, <acronym title=\"Hypertext Markup Language\">HTML</acronym> allowed: <code>%s</code>","改行と段落タグは自動で挿入されます。メールアドレスは表示されません。利用可能な <acronym title=\"Hypertext Markup Language\">HTML</acronym> タグ: <code>%s</code>"
"Logged in as <a href=\"%s\">%s</a>. <a href=\"%s\" title=\"Log out of this account\">Log out &raquo;</a>","<a href=\"%s\">%s</a> としてログイン中。<a href=\"%s\" title=\"このアカウントからログアウトする\">ログアウト &raquo;</a>"
"E-mail","メールアドレス"
"Your Comment","コメント"
"Say It!","送信 !"
"Sorry, the comment form is closed at this time.","現在、コメントフォームは閉鎖中です。"
"Close this window.","ウィンドウを閉じる。"
"Sorry, no posts matched your criteria.","条件に合う投稿はありませんでした。"
"This post is password protected. Enter the password to view comments.","この投稿はパスワードで保護されています。コメントを閲覧するにはパスワードを入力してください。"
"Comments are closed.","コメントは停止中です。"
"Logged in as <a href=\"%s\">%s</a>.","<a href=\"%s\">%s</a> としてログイン中。"
"Log out of this account","このアカウントをログアウトする"
"Log out &raquo;","ログアウト &raquo;"
"(required)","(必須)"
"Mail (will not be published)","メールアドレス (非公開)"
"<strong>XHTML:</strong> You can use these tags: <code>%s</code>","<strong>XHTML:</strong> 次のタグを使用できます: <code>%s</code>"
"Submit Comment","コメントを送信"
"%s and %s.","%s & %s"
"Entries (RSS)","投稿 (RSS)"
"Comments (RSS)","コメント (RSS)"
"%d queries. %s seconds.","%d個のクエリーと%s秒を要しました。"
"You are currently browsing the archives for the %s category.","カテゴリー %s のアーカイブを表示しています。"
"You are currently browsing the <a href=\"%s/\">%s</a> blog archives for the day %s.","<a href=\"%s\">%s</a> ブログの %s のアーカイブを表示しています。"
"l, F jS, Y","Y年n月j日 l"
"You are currently browsing the <a href=\"%s/\">%s</a> blog archives for %s.","<a href=\"%s/\">%s</a> の %s のアーカイブを表示しています。"
"F, Y","Y年n月"
"You are currently browsing the <a href=\"%s/\">%s</a> blog archives for the year %s.","<a href=\"%s\">%s</a> ブログの%s年のアーカイブを表示しています。"
"You have searched the <a href=\"%s/\">%s</a> blog archives for <strong>&#8216;%s&#8217;</strong>. If you are unable to find anything in these search results, you can try one of these links.","<a href=\"%s/\">%s</a> のアーカイブ内で<strong>&#8216;%s&#8217;</strong>を探しました。お探しのものが見つからない場合は他のリンクを試してみてください。"
"You are currently browsing the <a href=\"%s/\">%s</a> blog archives.","<a href=\"%s/\">%s</a> ブログのアーカイブを表示しています。"
"This page validates as XHTML 1.0 Transitional","このページは XHTML 1.0 Transitional に準拠しています"
"Valid <abbr title=\"eXtensible HyperText Markup Language\">XHTML</abbr>","<abbr title=\"eXtensible HyperText Markup Language\">XHTML</abbr> 準拠"
"%d WordPress Update","%d件の WordPress 更新"
"<strong>ERROR</strong>: The username field is empty.","<strong>エラー</strong>: ユーザー名を入力してください。"
"<strong>ERROR</strong>: The password field is empty.","<strong>エラー</strong>: パスワードを入力してください。"
"<strong>ERROR</strong>: Invalid username. <a href=\"%s\" title=\"Password Lost and Found\">Lost your password</a>?","<strong>エラー</strong>: 無効なユーザー名です。<a href=\"%s\" title=\"パスワード再発行\">パスワードをお忘れですか</a> ?"
"<strong>ERROR</strong>: Your account has been marked as a spammer.","<strong>エラー</strong>: あなたのアカウントは、スパマーとして登録されています。"
"Site Suspended.","サイトを停止しました。"
"<strong>ERROR</strong>: The password you entered for the username <strong>%s</strong> is incorrect. <a href=\"%s\" title=\"Password Lost and Found\">Lost your password</a>?","<strong>エラー</strong>: ユーザー名 <strong>%s</strong> のパスワードが間違っています。<a href=\"%s\" title=\"パスワード紛失\">パスワードをお忘れですか</a> ?"
"Please log in again.","もう一度ログインしてください。"
"Cannot create a user with an empty login name.","ログイン名が入力されていないため、ユーザーを作成できませんでした。"
"%s %s","%s年%s"
"There are no options for this widget.","このウィジェットにはオプションがありません。"
"Sidebar %d","サイドバー %d"
"Sidebar","サイドバー"
"<h1>Can&#8217;t select database</h1>\n<p>We were able to connect to the database server (which means your username and password is okay) but not able to select the <code>%s</code> database.</p>\n<ul>\n<li>Are you sure it exists?</li>\n<li>Does the user <code>%s</code> have permission to use the <code>%s</code> database?</li>\n<li>On some systems the name of your database is prefixed with your username, so it would be like <code>username_%s</code>. Could that be the problem?</li>\n</ul>\n<p>If you don't know how to set up a database you should <strong>contact your host</strong>. If all else fails you may find help at the <a href=\"http://wordpress.org/support/\">WordPress Support Forums</a>.</p>","<h1>データベースが選択できません</h1>\n<p>データベースサーバには接続できました (ユーザー名とパスワードは間違っていないようです) が、データベース <code>%s</code> を選択できませんでした。</p>\n<ul>\n<li>本当にこのデータベースが存在していますか ?</li>\n<li>ユーザー <code>%s</code> にはデータベース <code>%s</code> を利用する権限がありますか ?</li>\n<li>一部のシステムでは <code>username_%s</code> のように、データベース名の前にユーザー名が接頭辞として付けられています。これが問題ではありませんか ?</li>\n</ul>\n<p>もしデータベースの設置方法が分からない場合は<strong>ホスティングサービスに連絡</strong>してください。それでもうまく行かなければ、<a href=\"http://ja.forums.wordpress.org/\">WordPress サポートフォーラム</a>でヘルプを得られるかもしれません。</p>"
"WordPress database error %s for query %s made by %s","WordPress データベースエラー: %s for query %s made by %s"
"WordPress database error %s for query %s","WordPress データベースエラー: %s for query %s"
"\n<h1>Error establishing a database connection</h1>\n<p>This either means that the username and password information in your <code>wp-config.php</code> file is incorrect or we can't contact the database server at <code>%s</code>. This could mean your host's database server is down.</p>\n<ul>\n\t<li>Are you sure you have the correct username and password?</li>\n\t<li>Are you sure that you have typed the correct hostname?</li>\n\t<li>Are you sure that the database server is running?</li>\n</ul>\n<p>If you're unsure what these terms mean you should probably contact your host. If you still need help you can always visit the <a href='http://wordpress.org/support/'>WordPress Support Forums</a>.</p>\n","\n<h1>データベース接続確立のエラー</h1>\n<p>これは <code>wp-config.php</code> ファイルのユーザー名とパスワードが間違っているか、<code>%s</code> のデータベースサーバーに接続できないかのどちらかを意味します。ホストのデータベースサーバーがダウンしているのかもしれません。</p>\n<ul>\n\t<li>ユーザー名とパスワードに間違いはありませんか ?</li>\n\t<li>ホスト名に間違いはありませんか ?</li>\n\t<li>データベースサーバーは動いていますか ?</li>\n</ul>\n<p>上記の用語の意味が分からない場合は、サーバーの管理者にお問い合わせください。ヘルプが必要であれば <a href='http://ja.forums.wordpress.org/'>WordPress 日本語フォーラム</a> または <a href='http://wordpress.org/support/'>WordPress サポートフォーラム (英語)</a> へどうぞ。</p>\n"
"<strong>ERROR</strong>: WordPress %s requires MySQL %s or higher","<strong>エラー</strong>: WordPress %s には MySQL %s 以上が必要です。"
"Links for %s","%s へのリンク"
"There doesn't seem to be a <code>wp-config.php</code> file. I need this before we can get started.","<code>wp-config.php</code> ファイルが見つかりません。開始する前にこのファイルが必要です。"
"Need more help? <a href='http://codex.wordpress.org/Editing_wp-config.php'>We got it</a>.","ヘルプが必要な場合は<a href='http://wpdocs.sourceforge.jp/Editing_wp-config.php'>ドキュメンテーション</a>をご覧ください。"
"You can create a <code>wp-config.php</code> file through a web interface, but this doesn't work for all server setups. The safest way is to manually create the file.","ウェブインタフェース経由で <code>wp-config.php</code> を作成できますが、サーバーによっては動作しないかもしれません。最も安全な方法は、手動でファイルを作成することです。"
"Create a Configuration File","設定ファイルを作成する"
"Are you lost?","迷子になってしまいましたか ?"
"&larr; Back to %s","&larr; %s へ戻る"
"<strong>ERROR</strong>: Enter a username or e-mail address.","<strong>エラー</strong>: ユーザー名かメールアドレスを入力してください。"
"<strong>ERROR</strong>: There is no user registered with that email address.","<strong>エラー</strong>: そのメールアドレスのユーザーは登録されておりません。"
"<strong>ERROR</strong>: Invalid username or e-mail.","<strong>エラー</strong>: 無効なユーザー名またはメールアドレスです。"
"Password reset is not allowed for this user","パスワードの初期化をする権限がありません。"
"Someone requested that the password be reset for the following account:","だれかが次のアカウントのパスワードリセットをリクエストしました:"
"If this was a mistake, just ignore this email and nothing will happen.","もしこれが間違いだった場合は、このメールを無視すれば何も起こりません。"
"To reset your password, visit the following address:","パスワードをリセットするには、以下へアクセスしてください。"
"[%s] Password Reset","[%s] パスワードのリセット"
"The e-mail could not be sent.","メールを送信できませんでした。"
"Possible reason: your host may have disabled the mail() function...","考えられる理由: お使いのサーバーでは mail() 関数が有効になっていないのかもしれません。"
"Invalid key","無効なキー"
"<strong>ERROR</strong>: Please enter a username.","<strong>エラー</strong>: ユーザー名を入力してください。"
"<strong>ERROR</strong>: This username is invalid because it uses illegal characters. Please enter a valid username.","<strong>エラー</strong>: このユーザー名は使用できない文字を含んでいるため、無効です。有効なユーザー名を入力してください。"
"<strong>ERROR</strong>: This username is already registered. Please choose another one.","<strong>エラー</strong>: このユーザー名はすでに登録されています。他のユーザー名を選んでください。"
"<strong>ERROR</strong>: Please type your e-mail address.","<strong>エラー</strong>: メールアドレスを入力してください。"
"<strong>ERROR</strong>: The email address isn&#8217;t correct.","<strong>エラー</strong>: メールアドレスが正しくありません。"
"<strong>ERROR</strong>: This email is already registered, please choose another one.","<strong>エラー</strong>: このメールアドレスはすでに登録されています。別のメールアドレスを選んでください。"
"<strong>ERROR</strong>: Couldn&#8217;t register you... please contact the <a href=\"mailto:%s\">webmaster</a> !","<strong>エラー</strong>: アカウントを登録できませんでした。<a href=\"mailto:%s\">サイト管理者</a>にご連絡ください。"
"Sorry, that key does not appear to be valid.","そのキーは無効なもののようです。"
"Lost Password","パスワード紛失"
"Please enter your username or email address. You will receive a link to create a new password via email.","ユーザー名またはメールアドレスを入力してください。新しいパスワードを作成するためのリンクをメールでお送りします。"
"Username or E-mail:","ユーザー名またはメールアドレス:"
"Get New Password","新しいパスワードを取得"
"The passwords do not match.","パスワードが一致しません。"
"Password Reset","パスワードのリセット"
"Your password has been reset.","パスワードをリセットしました。"
"Reset Password","パスワードをリセット"
"Enter your new password below.","新しいパスワードを以下に入力してください。"
"Activation Key Required","有効化キーの入力"
"Activation Key:","有効化キー:"
"Activate","有効化"
"Your account is now active!","アカウント登録が完了しました !"
"Your account has been activated. You may now <a href=\"%s\">log in</a> to the site using your chosen username of &#8220;%s&#8221;. Please check your email inbox at %s for your password and login instructions. If you do not receive an email, please check your junk or spam folder. If you still do not receive an email within an hour, you can <a href=\"%s\">reset your password</a>.","アカウントが有効化されました。ユーザー名「%s」を使って<a href=\"%s\">ログイン</a>できます。%s のメールをチェックして、パスワードとログイン方法をお読みください。メールが見つからない場合は、スパムフォルダを確認してください。それでも1時間以内にメールが届かなければ、<a href=\"%s\">パスワードをリセット</a>できます。"
"Your site at <a href=\"%s\">%s</a> is active. You may now log in to your site using your chosen username of &#8220;%s&#8221;. Please check your email inbox at %s for your password and login instructions. If you do not receive an email, please check your junk or spam folder. If you still do not receive an email within an hour, you can <a href=\"%s\">reset your password</a>.","あなたのサイト <a href=\"%s\">%s</a> は有効化済みです。ユーザー名「%s」を使ってログインできます。%s のメールをチェックして、パスワードとログイン方法をお読みください。メールが見つからない場合は、スパムフォルダを確認してください。それでも1時間以内にメールが届かなければ、<a href=\"%s\">パスワードをリセット</a>できます。"
"An error occurred during the activation","有効化の途中でエラーが発生しました。"
"Username:","ユーザー名:"
"Password:","パスワード"
"Your account is now activated. <a href=\"%s\">View your site</a> or <a href=\"%s\">Log in</a>","アカウントを有効化しました。<a href=\"%s\">サイトを表示する</a>か<a href=\"%s\">ログイン</a>してください。"
"Your account is now activated. <a href=\"%s\">Log in</a> or go back to the <a href=\"%s\">homepage</a>.","アカウントを有効化しました。<a href=\"%s\">ログイン</a>するか、 <a href=\"%s\">ホームページ</a>に戻ってください。"
"Sorry, comments are closed for this item.","この投稿へのコメントは受け付けていません。"
"Sorry, you must be logged in to post a comment.","コメントを投稿するにはログインしてください。"
"<strong>ERROR</strong>: please fill the required fields (name, email).","<strong>エラー</strong>: 必須項目 (名前、メールアドレス) を入力してください。"
"<strong>ERROR</strong>: please enter a valid email address.","<strong>エラー</strong>: 有効なメールアドレスを入力してください。"
"<strong>ERROR</strong>: please type a comment.","<strong>エラー</strong>: コメントを入力してください。"
"Akismet %s requires WordPress 3.0 or higher.","Akismet %s を使うには WordPress 3.0 以降が必要です。"
"Please <a href=\"%s\">upgrade WordPress</a> to a current version, or <a href=\"%s\">downgrade to version 2.4 of the Akismet plugin</a>.","<a href=\"%s\">WordPress を最新版にアップグレード</a>するか、<a href=\"%s\">Akismet プラグインをバージョン 2.4 にダウングレード</a>してください。"
"Comment History","コメント履歴"
"Settings","設定"
"Cheatin&#8217; uh?","間違えましたか ?"
"Your key has been cleared.","キーを削除しました。"
"Your key has been verified. Happy blogging!","キーを認証しました。それではブログをお楽しみください !"
"The key you entered is invalid. Please double-check it.","入力されたキーは無効です。 キーを再確認してください。"
"The key you entered could not be verified because a connection to akismet.com could not be established. Please check your server configuration.","akismet.com との接続が確立できなかったため、入力したキーを認証できませんでした。サーバーの設定を確認してください。"
"There was a problem connecting to the Akismet server. Please check your server configuration.","Akismet サーバーとの接続に問題が発生しました。サーバーの設定を確認してください。"
"Please enter an API key. (<a href=\"%s\" style=\"color:#fff\">Get your key.</a>)","API キーを入力してださい。 (<a href=\"%s\" style=\"color:#fff\">キーを取得する</a>) "
"This key is valid.","このキーは有効です。"
"This key is invalid.","無効なキーです。"
"The key below was previously validated but a connection to akismet.com can not be established at this time. Please check your server configuration.","以下のキーは認証済みですが、akismet.com への接続が確立できませんでした。サーバーの設定を確認してください。"
"Your WordPress home URL %s is invalid.  Please fix the <a href=\"%s\">home option</a>.","WordPress のホーム URL %s が無効です。<a href=\"%s\">ホーム設定</a>を修正してください。"
"Options saved.","設定を保存しました。"
"Akismet Configuration","Akismet 設定"
"<strong>Sign up success!</strong> Please check your email for your Akismet API Key and enter it below.","<strong>登録成功!</strong> Akismet API キーの書かれたメールを確認して、下記に入力してください。"
"For many people, <a href=\"%s\">Akismet</a> will greatly reduce or even completely eliminate the comment and trackback spam you get on your site. If one does happen to get through, simply mark it as \"spam\" on the moderation screen and Akismet will learn from the mistakes. If you don't have an API key yet, you can get one at <a href=\"%s\">Akismet.com</a>.","<a href=\"%s\">Akismet</a> を使えば、ほとんどのサイト上でコメントやトラックバックスパムを大幅に削減するか、完全に排除できます。もしスパムがフィルターをすり抜けてしまったら、モデレーション画面で「スパム」としてチェックするだけで Akismet はその失敗から学習します。まだ API をお持ちでない場合は、<a href=\"%s\">Akismet.com</a> から取得できます。"
"Akismet API Key","Akismet API キー"
"<a href=\"http://akismet.com/get/?return=true\">What is this?</a>","<a href=\"http://akismet.com/get/?return=true\">これは何ですか?</a>"
"Why might my key be invalid?","キーが認証されないのはなぜですか ?"
"This can mean one of two things, either you copied the key wrong or that the plugin is unable to reach the Akismet servers, which is most often caused by an issue with your web host around firewalls or similar.","理由は二つ考えられます: キーを間違ってコピーしたか、もしくはプラグインが Akismet サーバーに接続できないためです。後者の場合、最もよくある原因としてウェブホストのファイアウォールもしくはその類似機能に問題があることが考えられます。"
"Auto-delete spam submitted on posts more than a month old.","一ヶ月以上前の投稿につけられたスパムを自動削除する"
"Show the number of comments you've approved beside each comment author.","コメントの投稿者の脇に承認したコメントの数を表示する。"
"Update options &raquo;","設定を更新 &raquo;"
"Server Connectivity","サーバー接続状況"
"Network functions are disabled.","ネットワーク関数が無効化されています。"
"Your web host or server administrator has disabled PHP's <code>fsockopen</code> or <code>gethostbynamel</code> functions.  <strong>Akismet cannot work correctly until this is fixed.</strong>  Please contact your web host or firewall administrator and give them <a href=\"%s\" target=\"_blank\">this information about Akismet's system requirements</a>.","お使いのホスティングサービスもしくはサーバー管理者が PHP の <code>fsockopen</code> 関数を無効にしています。<strong>Akismet はこの問題が解決しない限り正常に動作しません。</strong>ホスティングサービスもしくはファイアウォール管理者に連絡し、<a href=\"%s\" target=\"_blank\">Akismet とファイアウォールの動作要件</a>をお伝えください。"
"Unable to reach some Akismet servers.","一部の Akismet サーバーに接続できません。"
"A network problem or firewall is blocking some connections from your web server to Akismet.com.  Akismet is working but this may cause problems during times of network congestion.  Please contact your web host or firewall administrator and give them <a href=\"%s\" target=\"_blank\">this information about Akismet and firewalls</a>.","ネットワーク障害もしくはファイアウォールにより、ご使用のウェブサーバーから Akismet.com への一部の接続がブロックされています。Akismet は作動中ですが、ネットワークが混雑している際には問題が発生することがあります。ホスティング管理者もしくはファイアウォール管理者に連絡し、<a href=\"%s\" target=\"_blank\">Akismet とファイアウォールに関する情報</a>をお伝えください。"
"Unable to reach any Akismet servers.","Akismet サーバーに接続できません。"
"A network problem or firewall is blocking all connections from your web server to Akismet.com.  <strong>Akismet cannot work correctly until this is fixed.</strong>  Please contact your web host or firewall administrator and give them <a href=\"%s\" target=\"_blank\">this information about Akismet and firewalls</a>.","ネットワーク障害もしくはファイアウォールにより、ご使用のウェブサーバーから Akismet.com へのすべての接続がブロックされています。 <strong>Akismet はこの問題が解決しない限り正常に動作できません。</strong>ホスティング管理者もしくはファイアウォール管理者に連絡し、<a href=\"%s\" target=\"_blank\">Akismet とファイアウォールに関する情報</a>をお伝えください。"
"All Akismet servers are available.","Akismet サーバーはすべて利用可能です。"
"Akismet is working correctly.  All servers are accessible.","Akismet は正常に動作しています。すべてのサーバーにアクセスできています。"
"Unable to find Akismet servers.","Akismet が見つかりません。"
"A DNS problem or firewall is preventing all access from your web server to Akismet.com.  <strong>Akismet cannot work correctly until this is fixed.</strong>  Please contact your web host or firewall administrator and give them <a href=\"%s\" target=\"_blank\">this information about Akismet and firewalls</a>.","DNS の障害もしくはファイアウォールにより、お使いのウェブサーバーから Akismet.com へ接続できません。<strong>Akismet はこの問題が解決しない限り正常に動作できません。</strong>ホスティング管理者もしくはファイアウォール管理者に連絡し、<a href=\"%s\" target=\"_blank\">Akismet とファイアウォールに関する情報</a>をお伝えください。"
"Akismet server","Akismet サーバー"
"Network Status","ネットワーク状況"
"Accessible","アクセス可能"
"Re-trying","再試行中"
"Last checked %s ago.","最後の確認は %s 前です。"
"Check network status &raquo;","ネットワーク状況を確認 &raquo;"
"<a href=\"%s\" target=\"_blank\">Click here</a> to confirm that <a href=\"%s\" target=\"_blank\">Akismet.com is up</a>.","<a href=\"%s\" target=\"_blank\">Akismet.com が正常に動いているか</a>確認するには<a href=\"%s\" target=\"_blank\">こちらをクリック</a>してください。"
"Spam","スパム"
"Akismet is almost ready.","Akismet はもうすぐ利用できます。"
"You must <a href=\"%s\">enter your Akismet API key</a> for it to work.","利用するには、<a href=\"%s\">Akismet API キーを入力</a> する必要があります。"
"Akismet has detected a problem.","Akismet が障害を検知しました。"
"Some comments have not yet been checked for spam by Akismet. They have been temporarily held for moderation. Please check your <a href=\"%s\">Akismet configuration</a> and contact your web host if problems persist.","一部のコメントがまだ Akismet によるスパムチェックを受けていないため、一時的に承認待ちになっています。 <a href=\"%s\">Akismet 設定</a>を確認し、問題が解決しない場合はホスティングサービスに連絡してください。"
"Awaiting spam check","スパムチェック待ち"
"Flagged as spam by Akismet","Akismet によりスパムと判定"
"Cleared by Akismet","Akismet により消去"
"Flagged as spam by %s","%s がスパムと判定"
"Un-spammed by %s","%s がスパム判定を解除"
"View comment history","コメント履歴を表示"
"History","履歴"
"%s ago","%s前"
"<a href=\"%s\">Akismet</a> blocks spam from getting to your blog.","<a href=\"%s\">Akismet</a> はスパムがブログにたどりつくのを阻止します。"
"There's nothing in your <a href='%s'>spam queue</a> at the moment.","現在<a href='%s'>スパムと判断されたコメント</a>はありません。"
"Check for Spam","スパムチェック"
"%s reported this comment as not spam","%s がこのコメントを非スパムと判断"
"%s reported this comment as spam","%s がこのコメントをスパムと判断"
"%s changed the comment status to %s","%s がコメントの状態を %s に変更"
"Akismet re-checked and caught this comment as spam","Akismet が再検証の際にこのコメントをスパムと判定"
"Akismet re-checked and cleared this comment","このコメントは Akismet での再検証に合格しました。"
"Akismet was unable to re-check this comment (response: %s)","Akismet はこのコメントの再検証に失敗しました (レスポンス: %s) 。"
"Akismet Stats","Akismet 統計"
"Akismet caught this comment as spam","Akismet がこのコメントをスパムと判断"
"Comment status was changed to %s","コメントの状態を %s へと変更しました"
"Akismet cleared this comment","Akismet はこのコメントを破棄しました"
"Comment was caught by wp_blacklist_check","コメントは wp_blacklist_check に捕らえられました"
"Akismet was unable to check this comment (response: %s), will automatically retry again later.","Akismet によるこのコメントの再検証に失敗しました (レスポンス: %s)。後で自動的に再検証します。"
"Akismet caught this comment as spam during an automatic retry.","自動再試行の際に Akismet がこのコメントをスパムと判断しました。"
"Akismet cleared this comment during an automatic retry.","Akismet は自動再試行中にこのコメントを破棄しました。"
"Akismet Spam (%s)","Akismet スパム (%s) "
"Akismet Spam","Akismet スパム"
"You do not have sufficient permission to moderate comments.","コメントをモデレートするための十分な権限がありません。"
"%s comments recovered.","%s件のコメントを元に戻しました。"
"All spam deleted.","すべてのスパムを削除しました。"
"Caught Spam","捕らえたスパム"
"Akismet has caught <strong>%s spam</strong> for you since you first installed it.","Akismet は有効化されてから<strong>%s件のスパム</strong>を捕らえました。"
"You have no spam currently in the queue. Must be your lucky day. :)","今のところスパムはありません。きっと運のいい日だったのでしょう。 :)"
"You can delete all of the spam from your database with a single click. This operation cannot be undone, so you may wish to check to ensure that no legitimate comments got through first. Spam is automatically deleted after 15 days, so don&#8217;t sweat it.","「すべてを削除」ボタンを押すとスパムをすべて削除できます。この操作は取り消すことができないので、削除する前に本物のコメントが誤ってスパムと判定されていないか確かめた方がいいでしょう。スパムは15日後に自動的に削除されるので、あまり悩む必要はありません。"
"There are currently %s comments identified as spam.","スパムと判定されたコメントが現在%s件あります。"
"Delete all","すべてを削除"
"Search","検索"
"These are the latest comments identified as spam by Akismet. If you see any mistakes, simply mark the comment as \"not spam\" and Akismet will learn from the submission. If you wish to recover a comment from spam, simply select the comment, and click Not Spam. After 15 days we clean out the junk for you.","これらは Akismet によってスパムと判定された最新のコメントです。もし間違いを見つけたらそのコメントの「スパムを解除」にマークを入れてください。Akismet はあなたの判定から学習していきます。スパムと判定されたコメントを元に戻すには、そのコメントを選択して一番下の「選択したコメントのスパムを解除 &raquo;」をクリックしてください。 スパムは 15日後に自動的に削除されます。"
"All","すべて"
"Comments","コメント"
"Search Spam &raquo;","スパムを検索 &raquo;"
"&laquo; Previous Page","&laquo; 前ページへ"
"Next Page &raquo;","次ページへ &raquo;"
"Not Spam","スパムを解除"
"View Post","投稿を表示"
"De-spam marked comments &raquo;","選択したコメントのスパムを解除 &raquo;"
"Comments you de-spam will be submitted to Akismet as mistakes so it can learn and get better.","スパムを解除されたコメントは Akismet へ送信されます。Akismet はその「間違い」を学習することによってさらに賢くなります"
"Recheck Queue for Spam","承認待ちをスパムチェック"
"Akismet Widget","Akismet ウィジェット"
"Display the number of spam comments Akismet has caught","Akismet が捕獲したスパムコメント数を表示"
"Spam Blocked","ブロックしたスパム"
"Title:","タイトル:"
"About WordPress","WordPress について"
"http://wordpress.org/","http://ja.wordpress.org/"
"Documentation","ドキュメンテーション"
"http://codex.wordpress.org/","http://wpdocs.sourceforge.jp/"
"Support Forums","サポートフォーラム"
"http://wordpress.org/support/","http://ja.forums.wordpress.org/"
"Feedback","フィードバック"
"http://wordpress.org/support/forum/requests-and-feedback","http://ja.forums.wordpress.org/forum/2"
"Howdy, %s","こんにちは、%s さん !"
"My Account","アカウント"
"Edit My Profile","プロフィールを編集"
"Log Out","ログアウト"
"Network Admin: %s","サイトネットワーク管理者: %s"
"Global Dashboard: %s","グローバルダッシュボード: %s"
"Visit Site","サイトを表示"
"Edit Site","サイト編集"
"Dashboard","ダッシュボード"
"My Sites","参加サイト"
"Network Admin","サイトネットワーク管理者"
"Sites","サイト"
"Users","ユーザー"
"Visit Network","サイトネットワークへ移動"
"New Post","新規投稿"
"Manage Comments","コメント管理"
"Shortlink","短縮リンク"
"User","ユーザー"
"Themes","テーマ"
"Customize","カスタマイズ"
"Widgets","ウィジェット"
"Menus","メニュー"
"Background","背景"
"Header","ヘッダー"
"XML error: %s at line %d","XML エラー: %s - %d行目"
"Use <code>get_the_author()</code> instead if you do not want the value echoed.","値を表示したくない場合は代わりに <code>get_the_author()</code> を使ってください。"
"Visit %s&#8217;s website","%s のウェブサイトを表示"
"Posts by %s","%s による投稿"
"Last updated: %s","最終更新日: %s"
"Bookmarks","ブックマーク"
"Use <code>WP_User->ID</code> instead.","代わりに <code>WP_User->ID</code> を使ってください。"
"Usage of user levels by plugins and themes is deprecated. Use roles and capabilities instead.","プラグインやテーマでのユーザーレベルの使用は推奨されていません。代わりに権限グループと権限を使ってください。"
"View all posts in %s","%s の投稿をすべて表示"
"Uncategorized","未分類"
"No categories","カテゴリーなし"
"View all posts filed under %s","%s に含まれる投稿をすべて表示"
"Feed for all posts filed under %s","%s に含まれるすべての投稿のフィード"
"Tags:","タグ: "
"A valid URL was not provided.","有効な URL ではありません。"
"User has blocked requests through HTTP.","ユーザーは HTTP 経由のリクエストをブロックしました。"
"Destination directory for file streaming does not exist or is not writable.","ファイルストリーミングの送り先となるディレクトリが存在しないか、書き込み不可になっています。"
"There are no HTTP transports available which can complete the requested request.","要求されたリクエストを完了できる HTTP トランスポートがありません。"
"Could not open handle for fopen() to %s","%s に対する fopen() のハンドラーを開くことができませんでした。"
"Too many redirects.","転送が多すぎます。"
"Malformed URL: %s","不正な URL: %s"
"No server specified","サーバーが設定されていません"
"no login ID submitted","ログイン ID が入力されていません"
"connection not established","接続できません"
"No password submitted","パスワードが入力されていません"
"Authentication failed","認証失敗"
"No connection to server","サーバーに接続されていません"
"No login ID submitted","ログイン ID が入力されていません"
"No server banner","サーバーバナーなし"
"abort","中止"
"apop authentication failed","APOP 認証失敗"
"Premature end of list","リストの途中終了"
"Empty command string","コマンド文字列は空です"
"connection does not exist","接続は存在しません"
"Command failed","コマンドは失敗しました"
"The menu ID should not be empty.","メニュー ID を入力してください。"
"Skip to toolbar","ツールバーへスキップ"
"Top navigation toolbar.","トップナビゲーションのツールバー。"
"&mdash; Select &mdash;","&mdash; 選択 &mdash;"
"Default","デフォルト"
"Hex Value","16進値"
"Upload","アップロード"
"Remove","削除"
"No Image","画像なし"
"Upload New","新規アップロード"
"Uploaded","アップロード済み"
"Remove Image","画像の削除"
"The web browser on your device cannot be used to upload files. You may be able to use the <a href=\"http://wordpress.org/extend/mobile/\">native app for your device</a> instead.","お使いのデバイスのブラウザではファイルをアップロードできません。代わりに、<a href=\"http://wordpress.org/extend/mobile/\">お使いのデバイスの専用アプリ</a>をお試しください。"
"Drop a file here or <a href=\"#\" class=\"upload\">select a file</a>.","ここにファイルをドロップするか<a href=\"#\" class=\"upload\">ファイルを選択してください</a>。"
"Select File","ファイルを選択"
"Background Image","背景画像"
"Header Image","ヘッダー画像"
"Random Default Image","ランダムデフォルト画像"
"Random Uploaded Image","ランダムアップロード画像"
"Site Title & Tagline","サイトタイトルとキャッチフレーズ"
"Site Title","サイトのタイトル"
"Tagline","キャッチフレーズ"
"Colors","色"
"Display Header Text","ヘッダーテキストを表示する"
"Header Text Color","ヘッダーテキスト色"
"Background Color","背景色"
"Background Repeat","背景の繰り返し"
"No Repeat","繰り返しなし"
"Tile","タイル"
"Tile Horizontally","水平方向に繰り返し"
"Tile Vertically","垂直方向に繰り返し"
"Background Position","背景の位置"
"Left","左"
"Center","中央"
"Right","右"
"Background Attachment","背景スクロール"
"Fixed","固定"
"Scroll","スクロール"
"Navigation","ナビゲーション"
"You can edit your menu content on the Menus screen in the Appearance section.","メニューの項目は「外観」の「メニュー」画面で編集できます。"
"Static Front Page","固定フロントページ"
"Your theme supports a static front page.","テーマは固定フロントページをサポートしています。"
"Front page displays","フロントページの表示"
"Your latest posts","最新の投稿"
"A static page","固定ページ"
"Front page","フロントページ"
"Posts page","投稿ページ"
"Text","テキスト"
"Visual","ビジュアル"
"English=en,Danish=da,Dutch=nl,Finnish=fi,French=fr,German=de,Italian=it,Polish=pl,Portuguese=pt,Spanish=es,Swedish=sv","英語=en,デンマーク語=da,オランダ語=nl,フィンランド語=fi,フランス語=fr,ドイツ語=de,イタリア語=it,ポーランド語=pl,ポルトガル語=pt,スペイン語=es,スウェーデン語=sv"
"Update","更新"
"Save","保存"
"Exit fullscreen","フルスクリーンモードを終了"
"Bold (Ctrl + B)","太字 (Ctrl + B)"
"Italic (Ctrl + I)","斜体 (Ctrl + I)"
"Unordered list (Alt + Shift + U)","番号なしリスト (Alt + Shift + U)"
"Ordered list (Alt + Shift + O)","番号付きリスト (Alt + Shift + O)"
"Insert/edit image (Alt + Shift + M)","画像の挿入／編集 (Alt + Shift + M)"
"Insert/edit link (Alt + Shift + A)","リンクの挿入／編集 (Alt + Shift + A)"
"Unlink (Alt + Shift + S)","リンクを外す (Alt + Shift + S)"
"Help (Alt + Shift + H)","ヘルプ (Alt + Shift + H)"
"Updated.","更新しました。"
"Saved.","保存しました。"
"Enter title here","タイトルを入力してください"
"Word count: %s","文字数: %s"
"Y/m/d","Y年n月j日"
"Enter the destination URL","リンク先 URL を入力してください"
"Title","タイトル"
"Open link in a new window/tab","リンクを新ウィンドウまたはタブで開く"
"Or link to existing content","または既存のコンテンツにリンク"
"No search term specified. Showing recent items.","検索キーワードが指定されていません。最近の項目を表示しています。"
"Add Link","リンク追加"
"Cancel","キャンセル"
"File doesn&#8217;t exist?","ファイルが存在しないようです。"
"File is not an image.","画像ではないファイルです。"
"Could not read image size.","画像のサイズを読み取れませんでした。"
"Image resize failed.","画像をリサイズできませんでした。"
"Could not calculate resized image dimensions","変更後の画像サイズを取得できませんでした。"
"Image crop failed.","画像を切り抜けませんでした。"
"Image rotate failed.","画像を回転できませんでした。"
"Image flip failed.","画像を反転できませんでした。"
"Image Editor Save Failed","画像エディターで保存に失敗しました"
"Could not read image size","画像サイズを読み込めませんでした"
"The theme directory does not exist.","テーマディレクトリがありません。"
"Stylesheet is missing.","スタイルシートが見つかりません。"
"ERROR: The themes directory is either empty or doesn&#8217;t exist. Please check your installation.","エラー: テーマディレクトリが空か、存在しません。インストールを確認してください。"
"Stylesheet is not readable.","スタイルシートが読み取り可能ではありません。"
"Template is missing.","テンプレートが見つかりません。"
"The parent theme is missing. Please install the \"%s\" parent theme.","親テーマが見つかりません。\"%s\" の親テーマをインストールしてください。"
"The \"%s\" theme is not a valid parent theme.","\"%s\" テーマは有効な親テーマではありません。"
"Visit author homepage","作者のホームページを表示"
"Anonymous","匿名"
",",", "
"XML-RPC services are disabled on this site.","このサイト上では XML-RPC サービスが無効になっています。"
"Incorrect username or password.","ユーザー名またはパスワードが正しくありません。"
"Software Name","ソフト名"
"Software Version","ソフトのバージョン"
"Site URL","サイト URL"
"Image default link type","画像リンクタイプの初期設定"
"Image default size","画像サイズの初期設定"
"Image default align","画像配置の初期設定"
"Template","テンプレート"
"Stylesheet","スタイルシート"
"Post Thumbnail","投稿サムネイル"
"Time Zone","タイムゾーン"
"Site Tagline","サイトのキャッチフレーズ"
"Date Format","日付のフォーマット"
"Time Format","時刻フォーマット"
"Allow new users to sign up","新規ユーザーの登録を許可"
"Thumbnail Width","サムネイルの幅"
"Thumbnail Height","サムネイルの高さ"
"Crop thumbnail to exact dimensions","指定したサイズにサムネイルをトリミングする"
"Medium size image width","中サイズ画像の幅"
"Medium size image height","中サイズ画像の高さ"
"Large size image width","大サイズ画像の幅"
"Large size image height","大サイズ画像の高さ"
"Allow people to post comments on new articles","新しい投稿へのコメントを許可する"
"Allow link notifications from other blogs (pingbacks and trackbacks)","他のブログからの通知 (ピンバック・トラックバック) を受け付ける"
"Insufficient arguments passed to this XML-RPC method.","この XML-RPC メソッドへ不完全な変数が渡されました。"
"Invalid post type","無効な投稿タイプ"
"Invalid post ID.","無効な投稿 ID です。"
"Sorry, you are not allowed to edit this post.","この投稿を編集する権限がありません。"
"The post type may not be changed.","投稿タイプは変更できません。"
"Sorry, you are not allowed to post on this site.","このサイトに投稿する権限がありません。"
"Sorry, you are not allowed to create private posts in this post type","この投稿タイプで非公開の投稿を作成する権限がありません"
"Sorry, you are not allowed to publish posts in this post type","この投稿タイプで投稿を公開する権限がありません"
"Sorry, you are not allowed to create password protected posts in this post type","この投稿タイプでパスワード保護された投稿を作成する権限がありません"
"You are not allowed to create posts as this user.","このユーザーとしては投稿を作成する権限がありません"
"Invalid author ID.","無効な作成者 ID です。"
"Sorry, you cannot stick a private post.","非公開設定の投稿を固定表示にすることはできません。"
"Sorry, you are not allowed to stick this post.","この投稿を固定表示にする権限がありません。"
"Invalid attachment ID.","無効な添付ファイル ID です。"
"Sorry, one of the given taxonomies is not supported by the post type.","指定されたタクソノミーのうち、この投稿タイプに対応していないものがあります。"
"Sorry, you are not allowed to assign a term to one of the given taxonomies.","指定のタクソノミーのひとつにキーワードを割り当てる権限がありません。"
"Invalid term ID","無効なキーワード ID です。"
"Ambiguous term name used in a hierarchical taxonomy. Please use term ID instead.","階層化されているタクソノミーで不明瞭なキーワードが使われています。代わりにキーワード ID を使ってください。"
"Sorry, you are not allowed to add a term to one of the given taxonomies.","指定したタクソノミーのひとつにキーワードを追加する権限がありません。"
"Sorry, your entry could not be posted. Something wrong happened.","記事を投稿できませんでした。何か問題が起こりました。"
"There is a revision of this post that is more recent.","この投稿にはより最近のリビジョンがあります。"
"Sorry, you are not allowed to delete this post.","この投稿を削除する権限がありません。"
"The post cannot be deleted.","投稿を削除できません。"
"Sorry, you cannot edit this post.","この投稿の編集はできません。"
"The post type specified is not valid","指定された投稿タイプは有効ではありません"
"Sorry, you are not allowed to edit posts in this post type","この投稿タイプの投稿を編集する権限がありません。"
"Invalid taxonomy","不正なタクソノミー分類です。"
"You are not allowed to create terms in this taxonomy.","このタクソノミーではキーワードを作成する権限がありません。"
"The term name cannot be empty.","キーワード名を入力してください。"
"This taxonomy is not hierarchical.","このタクソノミーは階層化されていません。"
"Parent term does not exist.","親キーワードがありません。"
"Sorry, your term could not be created. Something wrong happened.","キーワードを作成できませんでした。何か問題が起こりました。"
"You are not allowed to edit terms in this taxonomy.","このタクソノミーではキーワードを編集する権限がありません。"
"This taxonomy is not hierarchical so you can't set a parent.","このタクソノミーは階層化されていないので、親は設定できません。"
"Sorry, editing the term failed.","キーワードの編集に失敗しました。"
"You are not allowed to delete terms in this taxonomy.","このタクソノミーではキーワードを削除する権限がありません。"
"Sorry, deleting the term failed.","キーワードの削除に失敗しました。"
"You are not allowed to assign terms in this taxonomy.","このタクソノミーではキーワードを割り当てる権限がありません。"
"Sorry, you cannot edit users.","ユーザーを編集することはできません。"
"Invalid user ID","無効なユーザー ID"
"Sorry, you cannot list users.","ユーザー一覧を表示できません。"
"The role specified is not valid","指定の権限は無効です"
"Sorry, you cannot edit your profile.","プロフィールを編集できません。"
"Sorry, the user cannot be updated.","そのユーザーは更新できません。"
"Sorry, you cannot edit this page.","このページは編集できません。"
"Sorry, no such page.","そのようなページはありません。"
"Sorry, you cannot edit pages.","ページの編集はできません。"
"Sorry, you do not have the right to delete this page.","このページを削除する権限はありません。"
"Failed to delete the page.","このページの削除に失敗しました。"
"Sorry, you do not have the right to edit this page.","この固定ページを編集する権限はありません。"
"Sorry, you cannot edit posts on this site.","このサイトの投稿は編集できません。"
"Sorry, you must be able to edit posts on this site in order to view tags.","タグを表示するにはこのサイトの投稿を編集する権限が必要です。"
"Sorry, you do not have the right to add a category.","カテゴリー追加の権限がありません。"
"Sorry, the new category failed.","新しいカテゴリーの追加に失敗しました。"
"Sorry, you do not have the right to delete a category.","カテゴリーを削除する権限がありません。"
"Sorry, you must be able to edit posts to this site in order to view categories.","カテゴリーを表示するにはこのサイトの投稿を編集する権限が必要です。"
"You are not allowed to moderate comments on this site.","このサイトのコメントをモデレートする権限がありません。"
"Invalid comment ID.","無効なコメント ID です。"
"Sorry, you cannot edit comments.","コメントの編集はできません。"
"Invalid comment status.","コメントの状態が正しくありません。"
"Sorry, the comment could not be edited. Something wrong happened.","コメントを編集できませんでした。何か問題が起こりました。"
"You must be registered to comment","コメントするにはユーザー登録する必要があります"
"Comment author name and email are required","名前とメールアドレスの入力を必須にする"
"A valid email address is required","有効なメールアドレスを入力してください"
"You are not allowed access to details about this site.","このサイトの詳細へアクセスする権限がありません。"
"You are not allowed access to details about comments.","コメントの詳細へアクセスする権限がありません。"
"You are not allowed to update options.","設定を更新する権限がありません。"
"You do not have permission to upload files.","ファイルをアップロードをする権限がありません。"
"Sorry, you are not allowed to edit this post type.","この投稿タイプを編集する権限がありません。"
"Invalid post ID","無効な投稿 ID"
"Sorry, you are not allowed to edit posts.","投稿を編集する権限がありません。"
"Sorry, revisions are disabled.","リビジョンが無効化されています。"
"Sorry, you do not have access to user data on this site.","このサイトのユーザーデータにアクセスできません。"
"Either there are no posts, or something went wrong.","投稿がないか、何かうまくいかなかったようです。"
"Sorry, that file cannot be edited.","そのファイルは編集できません。"
"Sorry, no such post.","そのような投稿はありません。"
"Sorry, you do not have the right to edit this post.","この投稿を編集する権限がありません。"
"Sorry, you do not have the right to publish this post.","この投稿を公開する権限がありません。"
"For some strange yet very annoying reason, this post could not be edited.","なにか面妖でとてもうっとうしい理由のため、この投稿は編集できませんでした。"
"Sorry, you do not have the right to delete this post.","この投稿を削除する権限がありません。"
"For some strange yet very annoying reason, this post could not be deleted.","なにか面妖でとてもうっとうしい理由のため、この投稿は削除できませんでした。"
"Sorry, you are not allowed to publish pages on this site.","このサイトでページを公開する権限がありません。"
"Sorry, you are not allowed to publish posts on this site.","このサイトで投稿を公開する権限がありません。"
"Invalid post format","無効な投稿フォーマットです"
"You are not allowed to create pages as this user.","固定ページを作成する権限がありません。"
"You are not allowed to change the post author as this user.","投稿作成者を変更する権限がありません。"
"You are not allowed to change the page author as this user.","ページ作成者を変更する権限がありません。"
"Sorry, you do not have the right to publish this page.","このページを公開する権限がありません。"
"Sorry, your entry could not be edited. Something wrong happened.","投稿を編集できませんでした。何か問題が起こりました。"
"Sorry, you must be able to edit posts on this site in order to view categories.","カテゴリーを表示するにはこのサイトの投稿を編集する権限が必要です。"
"Could not write file %s (%s)","ファイル %s (%s) に書き込めませんでした"
"Sorry, you can not edit this post.","この投稿の編集はできません。"
"Sorry, you cannot publish this post.","この投稿を公開することはできません。"
"Is there no link to us?","私たちへのリンクはないのですか ?"
"The specified target URL cannot be used as a target. It either doesn&#8217;t exist, or it is not a pingback-enabled resource.","指定されたターゲット URL はターゲットとして使用できません。この URL は存在しないかピンバックが有効になっていません。"
"The source URL and the target URL cannot both point to the same resource.","ソース URL とターゲット URL に同一のリソースを指定することはできません。"
"The pingback has already been registered.","そのピンバックはすでに登録済みです。"
"The source URL does not exist.","元のURLが存在しません。"
"We cannot find a title on that page.","そのページのタイトルが見つかりません。"
"The source URL does not contain a link to the target URL, and so cannot be used as a source.","ソース URL にターゲット URL へのリンクが含まれていないので、ソースとして使用することができません。"
"Pingback from %s to %s registered. Keep the web talking! :-)","%s より %s へのピンバックが登録されました。ウェブでの会話を続けてください ! :-)"
"The specified target URL does not exist.","指定したターゲット URL が存在しません。"
"%s Comments","%s件のコメント"
"No Comments","コメントはまだありません"
"1 Comment","1件のコメント"
"Comment","コメント"
"Trackback","トラックバック"
"Pingback","ピンバック"
"Use <code>get_trackback_url()</code> instead if you do not want the value echoed.","値を表示したくない場合は代わりに <code>get_trackback_url()</code> を使ってください。"
"Comments Off","コメントは受け付けていません。"
"Enter your password to view comments.","コメントを読むにはパスワードを入力してください。"
"Comment on %s","%s へのコメント"
"Reply","返信"
"Log in to Reply","ログインして返信する"
"Leave a Comment","コメントする"
"Log in to leave a Comment","ログインしてコメントする"
"Click here to cancel reply.","返信をキャンセルする。"
"Leave a Reply","コメントを残す"
"Leave a Reply to %s","%s にコメントする"
"<cite class=\"fn\">%s</cite> <span class=\"says\">says:</span>","<cite class=\"fn\">%s</cite> <span class=\"says\">より:</span>"
"Your comment is awaiting moderation.","あなたのコメントは承認待ちです。"
"%s at %s","%s %s"
"(Edit)","(編集)"
"Name","名前"
"Email","メールアドレス"
"Website","ウェブサイト"
"Required fields are marked %s","%s が付いている欄は必須項目です"
"You must be <a href=\"%s\">logged in</a> to post a comment.","コメントを投稿するには<a href=\"%s\">ログイン</a>してください。"
"Logged in as <a href=\"%s\">%s</a>. <a href=\"%s\" title=\"Log out of this account\">Log out?</a>","<a href=\"%s\">%s</a> としてログインしています。<a href=\"%s\" title=\"このアカウントからログアウトする\">ログアウトしますか ?</a>"
"Your email address will not be published.","メールアドレスが公開されることはありません。"
"You may use these <abbr title=\"HyperText Markup Language\">HTML</abbr> tags and attributes: %s","次の<abbr title=\"HyperText Markup Language\">HTML</abbr> タグと属性が使えます: %s"
"Cancel reply","コメントをキャンセル"
"Post Comment","コメントを送信"
"Unapproved","非承認"
"Approved","承認済み"
"Duplicate comment detected; it looks as though you&#8217;ve already said that!","重複しているコメントが見つかりました。同じコメントをすでに投稿しているようです。"
"You are posting comments too quickly. Slow down.","コメントを急いで投稿し過ぎているようです。もう少しゆっくりお願いします。"
"Could not update comment status","コメントの状態を更新できませんでした"
"This argument has changed to an array to match the behavior of the other cron functions.","この変数は他の cron 関数の動作と統一させるため配列に変更されました。"
"Once Hourly","1時間に1回"
"Twice Daily","1日2回"
"Once Daily","1日1回"
"Your site&#8217;s WordPress Pages","サイト内の固定ページ"
"Sort by:","並び順:"
"Page title","ページタイトル"
"Page order","ページ順序"
"Page ID","ページ ID"
"Exclude:","除外ページ:"
"Page IDs, separated by commas.","ページ ID を入力。複数の場合はコンマで区切る。"
"Your blogroll","リンクを表示"
"Links","リンク"
"Select Link Category:","リンクカテゴリーの選択:"
"All Links","すべてのリンク"
"Link title","リンクタイトル"
"Link rating","リンク評価"
"Link ID","リンク ID"
"Random","ランダム"
"Show Link Image","リンクの画像を表示"
"Show Link Name","リンクの名前を表示"
"Show Link Description","リンクの説明を表示"
"Show Link Rating","リンクの評価を表示"
"Number of links to show:"," 表示するリンクの数:"
"A search form for your site","サイトの検索フォーム"
"A monthly archive of your site&#8217;s posts","サイトの投稿の月別アーカイブ"
"Archives","アーカイブ"
"Select Month","月を選択"
"Display as dropdown","ドロップダウン表示"
"Show post counts","投稿数を表示"
"Log in/out, admin, feed and WordPress links","ログイン/ログアウト、管理、フィードと WordPress のリンク"
"Meta","メタ情報"
"Syndicate this site using RSS 2.0","このサイトを RSS2.0 で購読"
"Entries <abbr title=\"Really Simple Syndication\">RSS</abbr>","投稿の <abbr title=\"Really Simple Syndication\">RSS</abbr>"
"The latest comments to all posts in RSS","すべての投稿への最新コメントを RSS で購読"
"Comments <abbr title=\"Really Simple Syndication\">RSS</abbr>","コメントの <abbr title=\"Really Simple Syndication\">RSS</abbr>"
"A calendar of your site&#8217;s posts","サイトの投稿のカレンダー"
"Calendar","カレンダー"
"Arbitrary text or HTML","任意のテキストと HTML"
"Automatically add paragraphs","自動的に段落追加する"
"A list or dropdown of categories","カテゴリーのリストまたはドロップダウン表示"
"Select Category","カテゴリーを選択"
"Show hierarchy","階層を表示"
"The most recent posts on your site","サイトの最新の投稿"
"Recent Posts","最近の投稿"
"Number of posts to show:","表示する投稿数:"
"Display post date?","投稿日を表示しますか ?"
"The most recent comments","最近のコメント"
"Recent Comments","最近のコメント"
"%s on %s","%s に %s より"
"Number of comments to show:","表示するコメント数:"
"Entries from any RSS or Atom feed","RSS/Atom フィードから投稿を表示"
"Unknown Feed","不明なフィード"
"Syndicate this content","このサイトを RSS で購読"
"<strong>RSS Error</strong>: %s","<strong>RSS エラー</strong>: %s"
"An error has occurred, which probably means the feed is down. Try again later.","エラーが発生しました。ご指定のフィードは現在利用できないようです。後ほど再度お試しください。"
"Untitled","名称未設定"
"RSS Error: %s","RSS エラー: %s"
"Enter the RSS feed URL here:","RSS フィードの URL:"
"Give the feed a title (optional):","このフィードにタイトルをつける (オプション):"
"How many items would you like to display?","フィード内の項目をいくつ表示しますか ?"
"Display item content?","項目の内容を表示しますか ?"
"Display item author if available?","もしあれば項目の作成者を表示しますか ?"
"Display item date?","項目の日付を表示しますか ?"
"Your most used tags in cloud format","タグクラウド形式のよく使われるタグ一覧"
"Tag Cloud","タグクラウド"
"Taxonomy:","分類:"
"Use this widget to add one of your custom menus as a widget.","カスタムメニューをウィジェットとして追加"
"Custom Menu","カスタムメニュー"
"No menus have been created yet. <a href=\"%s\">Create some</a>.","メニューはまだ作成されていません。<a href=\"%s\">作成する</a>。"
"Select Menu:","メニューを選択:"
"new WordPress Loop","新しい WordPress ループ"
"None","なし"
"Last updated","最終更新日時"
"Missing Attachment","添付ファイルが見つかりません"
"First Post","最初の投稿"
"Last Post","最新の投稿"
"Are you sure you want to do this?","本当に実行していいですか ?"
"File &#8220;%s&#8221; doesn&#8217;t exist?","ファイル &#8220;%s&#8221; は存在しますか ?"
"The GD image library is not installed.","GD イメージライブラリがインストールされていません。"
"File &#8220;%s&#8221; is not an image.","&#8220;%s&#8221; は画像ファイルではありません。"
"Comments on %s","%s へのコメント"
"Comments for %s searching on %s","%s へのコメント: %s 上の検索"
"Comments for %s","%s へのコメント"
"Comment on %s by %s","%s より %s へのコメント"
"By: %s","%s より"
"Comments on: %s","%s へのコメント"
"Protected Comments: Please enter your password to view comments.","コメント保護中: 表示するにはパスワードを入力してください。"
"words","characters"
"The email address entered did not appear to be a valid email address. Please enter a valid email address.","入力されたメールアドレスの形式が間違っているようです。正しいアドレスを記入してください。"
"The WordPress address you entered did not appear to be a valid URL. Please enter a valid URL.","入力された WordPress のアドレスは正しい URL の形式ではないようです。正しい URL を記入してください。"
"The Site address you entered did not appear to be a valid URL. Please enter a valid URL.","入力されたサイトのアドレスは正しい URL の形式ではないようです。正しい URL を記入してください。"
"The timezone you have entered is not valid. Please select a valid timezone.","入力されたタイムゾーンは有効ではありません。有効なタイムゾーンを選択してください。"
", and",", "
"and"," と "
"ERROR: %s is not a valid feed template.","エラー: %s は正しいフィードテンプレートではありません。"
"One or more database tables are unavailable. The database may need to be <a href=\"%s\">repaired</a>.","使用できないテーブルがあります。データベースの<a href=\"%s\">修復</a>が必要かもしれません。"
"Unable to create directory %s. Is its parent directory writable by the server?","ディレクトリ %s を作成できませんでした。この親ディレクトリのアクセス権はサーバーによる書き込みを許可していますか ?"
"Empty filename","ファイル名が空です"
"Invalid file type","無効なファイル形式"
"Could not write file %s","ファイル %s に書き込めませんでした"
"WordPress Failure Notice","WordPress エラー通知"
"You are attempting to log out of %s","%s からログアウトしようとしています"
"Do you really want to <a href='%s'>log out</a>?","本当に<a href='%s'>ログアウト</a>しますか ?"
"Please try again.","もう一度お試しください。"
"&laquo; Back","&laquo; 戻る"
"WordPress &rsaquo; Error","WordPress &rsaquo; エラー"
"Database Error","データベースエラー"
"Error establishing a database connection","データベース接続確立エラー"
"%s is <strong>deprecated</strong> since version %s! Use %s instead.","%s の使用はバージョン %s から<strong>非推奨</strong>になっています! 代わりに %s を使ってください。"
"%s is <strong>deprecated</strong> since version %s with no alternative available.","%s の使用はバージョン %s から<strong>非推奨</strong>になりました。代替は用意されておりません。"
"%s was called with an argument that is <strong>deprecated</strong> since version %s! %s","%s の使用はバージョン %s から<strong>非推奨</strong>になりました ! 代わりに %s を使ってください。"
"%s was called with an argument that is <strong>deprecated</strong> since version %s with no alternative available.","%s の使用はバージョン %s から<strong>非推奨</strong>になりました。代替は用意されていません。"
"(This message was added in version %s.)","(このメッセージはバージョン %s で追加されました)"
"Please see <a href=\"http://codex.wordpress.org/Debugging_in_WordPress\">Debugging in WordPress</a> for more information.","詳細は <a href=\"http://wpdocs.sourceforge.jp/Debugging_in_WordPress\">WordPress のデバッグ</a>をご覧ください。"
"%s was called <strong>incorrectly</strong>. %s %s","%s が<strong>誤って</strong>呼び出されました。%s %s"
"Select a city","町を選択してください"
"Manual Offsets","マニュアルオフセット"
"Scripts and styles should not be registered or enqueued until the %s, %s, or %s hooks.","スクリプトおよびスタイルは %s、%s、%s フック以降のみに登録・キュー追加できます。"
"Search for:","検索:"
"Log in","ログイン"
"Log out","ログアウト"
"Username","ユーザー名"
"Password","パスワード"
"Remember Me","ログイン状態を保存する"
"Log In","ログイン"
"Register","登録"
"Site Admin","サイト管理"
"The <code>%s</code> option is deprecated for the family of <code>bloginfo()</code> functions.","<code>bloginfo()</code> 関数群内の <code>%s</code> オプションは非推奨になりました。"
"Use the <code>%s</code> option instead.","かわりに <code>%s</code> オプションを使ってください。"
"Search Results %s %s","検索結果: %s %s"
"Page not found","ページが見つかりませんでした"
"%s %s2$d","%s2$d年%s"
"View posts for %s %s","%s年%sの投稿を表示"
"%s %s Feed","%s %s フィード"
"%s %s Comments Feed","%s %s コメントフィード"
"%s %s %s Comments Feed","%s %s %s のコメントのフィード"
"%s %s %s Category Feed","%s %s %s カテゴリーのフィード"
"%s %s %s Tag Feed","%s %s %s タグのフィード"
"%s %s Posts by %s Feed","%s %s %s による投稿のフィード"
"%s %s Search Results for &#8220;%s&#8221; Feed","%s %s 検索結果: &#8220;%s&#8221; フィード"
"%s %s %s Feed","%s %s %s フィード"
"&laquo; Previous","&laquo; 前へ"
"Next &raquo;","次へ &raquo;"
"Blue","青"
"Gray","グレー"
"Do you want to use the WYSIWYG mode for this textarea?","WYSIWYG モードに切り替えますか ?"
"Apply","適用"
"Insert","挿入"
"Close","閉じる"
"Browse","参照"
"Class","クラス"
"-- Not set --","-- 未設定 --"
"Copy/Cut/Paste is not available in Mozilla and Firefox.","コピー/カット/ペースト は Mozilla および Firefox では使用できません。"
"Currently not supported by your browser, use keyboard shortcuts instead.","クリップボード操作はお使いのブラウザには対応しておりません。代わりにキーボードのショートカットキーをお使いください。"
"Sorry, but we have noticed that your popup-blocker has disabled a window that provides application functionality. You will need to disable popup blocking on this site in order to fully utilize this tool.","ポップアップがブロックされました。すべての機能をご利用になるにはポップアップを許可してください。"
"ERROR: Invalid values entered, these are marked in red.","エラー: 入力に誤りがあります （赤字の項目）。"
"{#field} must be a number","{#field} は、数値を指定してください。"
"{#field} must be a number greater than {#min}","{#field} は、{#min} より大きい数値を指定してください。"
"{#field} must be a number or percentage","{#field} は、数値または比率を指定してください。"
"More colors","その他の色"
"Black","黒"
"Burnt orange","バーントオレンジ"
"Dark olive","ダークオリーブ"
"Dark green","ダークグリーン"
"Dark azure","ダークスカイブルー"
"Navy Blue","ネイビーブルー"
"Indigo","インディゴ"
"Very dark gray","濃灰"
"Maroon","栗色"
"Orange","オレンジ"
"Olive","オリーブ"
"Green","緑"
"Teal","ティール"
"Grayish blue","灰青"
"Red","赤"
"Amber","アンバー"
"Yellow green","黄緑"
"Sea green","シーグリーン"
"Turquoise","ターコイズ"
"Royal blue","ロイヤルブルー"
"Purple","紫"
"Medium gray","ミディアムグレー"
"Magenta","マジェンタ"
"Gold","金色"
"Yellow","黄"
"Lime","ライム"
"Aqua","アクア"
"Sky blue","スカイブルー"
"Brown","茶"
"Silver","シルバー"
"Pink","ピンク"
"Peach","桃色"
"Light yellow","ライトイエロー"
"Pale green","薄緑"
"Pale cyan","薄シアン"
"Light sky blue","ライトスカイブルー"
"Plum","プラム"
"White","白"
"Alignment","配置"
"Full","均等割付"
"Insert date","日付の挿入"
"Insert time","時刻の挿入"
"January","1月"
"February","2月"
"March","3月"
"April","4月"
"May","5月"
"June","6月"
"July","7月"
"August","8月"
"September","9月"
"October","10月"
"November","11月"
"December","12月"
"Jan_January_abbreviation","1月_January_abbreviation"
"Feb_February_abbreviation","2月_February_abbreviation"
"Mar_March_abbreviation","3月_March_abbreviation"
"Apr_April_abbreviation","4月_April_abbreviation"
"May_May_abbreviation","5月_May_abbreviation"
"Jun_June_abbreviation","6月_June_abbreviation"
"Jul_July_abbreviation","7月_July_abbreviation"
"Aug_August_abbreviation","8月_August_abbreviation"
"Sep_September_abbreviation","9月_September_abbreviation"
"Oct_October_abbreviation","10月_October_abbreviation"
"Nov_November_abbreviation","11月_November_abbreviation"
"Dec_December_abbreviation","12月_December_abbreviation"
"Sunday","日曜日"
"Monday","月曜日"
"Tuesday","火曜日"
"Wednesday","水曜日"
"Thursday","木曜日"
"Friday","金曜日"
"Saturday","土曜日"
"Sun","日"
"Mon","月"
"Tue","火"
"Wed","水"
"Thu","木"
"Fri","金"
"Sat","土"
"Print","印刷"
"Preview","プレビュー"
"Direction left to right","左から右"
"Direction right to left","右から左"
"Insert new layer","新規レイヤーの挿入"
"Move forward","前面へ移動"
"Move backward","背面へ移動"
"Toggle absolute positioning","絶対位置指定の切替"
"New layer...","新規レイヤー"
"Cancel all changes","すべての変更を破棄"
"Insert non-breaking space character","改行なしスペースの挿入"
"Run spell checking","スペルチェック"
"ieSpell not detected. Do you want to install it now?","ieSpell が見つかりません。今すぐインストールしますか ?"
"Horizontal rule","水平線"
"Emotions","表情アイコン"
"Find","検索"
"Find/Replace","検索/置換"
"Insert/edit image","画像の挿入/編集"
"Insert/edit link","リンクの挿入/編集"
"Citation","引用"
"Abbreviation","略語"
"Acronym","頭字語"
"Deletion","削除"
"Insertion","挿入"
"Insert/Edit Attributes","属性の挿入/削除"
"Edit CSS Style","CSS 編集"
"Paste as Plain Text","テキストとして貼り付け"
"Paste from Word","Word から貼り付け"
"Select All","すべて選択"
"Paste is now in plain text mode. Click again to toggle back to regular paste mode. After you paste something you will be returned to regular paste mode.","現在プレーンテキスト貼り付けモードです。通常の貼り付けモードに切り替えるにはもう一度クリックしてください。貼り付け後には通常のモードに戻ります。"
"Paste is now in plain text mode. Click again to toggle back to regular paste mode.","現在プレーンテキスト貼り付けモードです。通常の貼り付けモードに切り替えるにはもう一度クリックしてください。"
"Use CTRL+V on your keyboard to paste the text into the window.","キーボードで CTRL+V と入力しテキストを貼り付けてください。"
"Keep linebreaks","改行を保持する"
"Inserts a new table","表を挿入"
"Insert row before","行を上に挿入"
"Insert row after","行を下に挿入"
"Delete row","行を削除"
"Insert column before","列を左に挿入"
"Insert column after","列を右に挿入"
"Remove column","列を削除"
"Split merged table cells","セルの結合を解除"
"Merge table cells","セルの結合"
"Table row properties","行のプロパティ"
"Table cell properties","セルのプロパティ"
"Table properties","表のプロパティ"
"Paste table row before","行を上に貼り付け"
"Paste table row after","行を下に貼り付け"
"Cut table row","行の切り取り"
"Copy table row","行のコピー"
"Delete table","表を削除"
"Row","行"
"Column","列"
"Cell","セル"
"The changes you made will be lost if you navigate away from this page.","他のページへ移動すると編集データはすべて破棄されます。"
"Toggle fullscreen mode (Alt + Shift + G)","全画面表示を切り替える (Alt + Shift + G)"
"Insert / edit embedded media","埋め込みメディアの挿入/編集"
"Edit embedded media","埋め込みメディアの編集"
"Document properties","ページ設定"
"Insert predefined template content","テンプレートの挿入"
"Visual control characters on/off.","制御文字の表示"
"Toggle spellchecker (Alt + Shift + N)","スペルチェッカーを切り替える (Alt + Shift + N)"
"Spellchecker settings","スペルチェック設定"
"Ignore word","この単語を無視"
"Ignore all","すべて無視"
"Languages","言語"
"Please wait...","しばらくお待ちください..."
"Suggestions","候補"
"No suggestions","候補はありません"
"This is somewhat embarrassing, isn&rsquo;t it?","おっと、失礼しました。"
"It seems we can&rsquo;t find what you&rsquo;re looking for. Perhaps searching can help.","お探しのコンテンツを見つけられませんでした。検索をお試しください。"
"Daily Archives: %s","日別アーカイブ: %s"
"Monthly Archives: %s","月別アーカイブ: %s"
"F Y","Y年n月"
"Yearly Archives: %s","年別アーカイブ: %s"
"Y","Y年"
"Author Archives: %s","作成者別アーカイブ: %s"
"About %s","%s について"
"Category Archives: %s","カテゴリー別アーカイブ: %s"
"Comment navigation","コメントナビゲーション"
"&larr; Older Comments","&larr; 過去のコメント"
"Newer Comments &rarr;","新しいコメント &rarr;"
"Permalink to %s","%s へのパーマリンク"
"Continue reading <span class=\"meta-nav\">&rarr;</span>","続きを読む <span class=\"meta-nav\">&rarr;</span>"
"Leave a reply","コメントをどうぞ"
"1 Reply","1件のフィードバック "
"%s Replies","%s件の返信"
"Nothing Found","見つかりません"
"Apologies, but no results were found. Perhaps searching will help find a related post.","一致する結果がありませんでした。検索してみると、関連投稿が見つかるかもしれません。"
"Featured post","おすすめ投稿"
"View all posts by %s <span class=\"meta-nav\">&rarr;</span>","%s の投稿をすべて表示 <span class=\"meta-nav\">&rarr;</span>"
"Semantic Personal Publishing Platform","セマンティックなパブリッシングツール"
"Primary Menu","メインメニュー"
"on","off"
"Page %s","ページ %s"
"Main Sidebar","メインサイドバー"
"Appears on posts and pages except the optional Front Page template, which has its own widgets","独自ウィジェットを持つオプションフロントページテンプレートの投稿と固定ページに表示されます。"
"First Front Page Widget Area","フロントページウィジェットエリア 1"
"Appears when using the optional Front Page template with a page set as Static Front Page","オプションフロントページテンプレートを固定フロントとして使う際に表示されます。"
"Second Front Page Widget Area","フロントページウィジェットエリア 2"
"Post navigation","投稿ナビゲーション"
"<span class=\"meta-nav\">&larr;</span> Older posts","<span class=\"meta-nav\">&larr;</span> 過去の投稿"
"Newer posts <span class=\"meta-nav\">&rarr;</span>","新しい投稿 <span class=\"meta-nav\">&rarr;</span>"
"Pingback:","ピンバック:"
"Post author","投稿作成者"
"View all posts by %s","%s の投稿をすべて表示"
"This entry was posted in %s and tagged %s on %s<span class=\"by-author\"> by %s</span>.","カテゴリー: %s | タグ: %s | 投稿日: %s | <span class=\"by-author\">投稿者: %s</span>"
"This entry was posted in %s on %s<span class=\"by-author\"> by %s</span>.","カテゴリー: %s | 投稿日: %s | <span class=\"by-author\">投稿者: %s</span>"
"This entry was posted on %s<span class=\"by-author\"> by %s</span>.","この投稿は%s<span class=\"by-author\">に%sが公開しました</span>。"
"Menu","メニュー"
"Skip to content","コンテンツへ移動"
"<span class=\"meta-prep meta-prep-entry-date\">Published </span> <span class=\"entry-date\"><time class=\"entry-date\" datetime=\"%s\">%s</time></span> at <a href=\"%s\" title=\"Link to full-size image\">%s &times; %s</a> in <a href=\"%s\" title=\"Return to %s\" rel=\"gallery\">%s</a>.","<span class=\"meta-prep meta-prep-entry-date\">公開日時:</span> <span class=\"entry-date\"><time class=\"entry-date\" datetime=\"%s\">%s</time></span><a href=\"%s\" title=\"フルサイズ画像へのリンク\">%s &times; %s</a> (<a href=\"%s\" title=\"%s へ戻る\" rel=\"gallery\">%s</a>)"
"&larr; Previous","&larr; 前へ"
"Next &rarr;","次へ &rarr;"
"No posts to display","表示する投稿がありません"
"Ready to publish your first post? <a href=\"%s\">Get started here</a>.","最初の投稿をする準備ができましたか ? <a href=\"%s\">ここからスタート</a>してください。"
"Search Results for: %s","検索結果: %s"
"Sorry, but nothing matched your search criteria. Please try again with some different keywords.","ご指定の検索条件に合う投稿がありませんでした。他のキーワードでもう一度検索してみてください。"
"Tag Archives: %s","タグ別アーカイブ: %s"
"The 2012 theme for WordPress is a fully responsive theme that looks great on any device. Features include a front page template with its own widgets, an optional display font, styling for post formats on both index and single views, and an optional no-sidebar page template. Make it yours with a custom menu, header image, and background.","2012年の WordPress デフォルトテーマはレスポンシブデザインに対応しており、さまざまなデバイス上で美しく表示できます。独自ウィジェットを持つフロントページテンプレート、オプションの表示フォント、インデックス・シングルページ両方での投稿フォーマット、サイドバーなしテンプレートオプションなどの機能を含んでいます。カスタムメニュー、ヘッダー画像、背景を使ってカスタマイズしてください。"
"the WordPress team","WordPress チーム"
"Front Page Template","フロントページテンプレート"