"New password","새 비밀번호"
"Confirm new password","새 비밀번호 확인"
"Hint: The password should be at least seven characters long. To make it stronger, use upper and lower case letters, numbers and symbols like ! \" ? $ %s ^ &amp; ).","힌트: 비밀번호는 적어도 7자 이상이어야 합니다. 더 강한 비밀번호를 만드려면, 대소문자를 섞어서 적거나 숫자, ! \" ? & %s ^ &amp; ) 등의 특수문자를 사용하십시오."
"Registration Form","등록 양식"
"Register For This Site","이 블로그에 등록하기"
"A password will be e-mailed to you.","암호가 이메일로 전송되었습니다."
"Password Lost and Found","암호 분실 및 찾기"
"Lost your password?","암호를 잃어버렸나요?"
"You have logged in successfully.","성공적으로 로그인하였습니다."
"<strong>ERROR</strong>: Cookies are blocked or not supported by your browser. You must <a href='http://www.google.com/cookies.html'>enable cookies</a> to use WordPress.","<strong>오류</strong>: 브라우저에서 쿠키가 금지되었거나 쿠키를 지원하지 않습니다. 워드프레스를 사용하려면 <a href='http://www.google.com/cookies.html'>쿠키를  사용</a>해야 합니다."
"You are now logged out.","로그아웃 하셨습니다."
"User registration is currently not allowed.","현재 사용자 등록이 허용되지 않습니다."
"Check your e-mail for the confirmation link.","확인 링크를 보려면 먼저 전자우편을 확인해 보세요."
"Check your e-mail for your new password.","새 암호를 보려면 먼저 전자우편을 확인해 보세요."
"Registration complete. Please check your e-mail.","등록이 완료 되었습니다. 전자우편을 확인하십시오."
"Your session has expired. Please log-in again.","세션이 만료되었습니다. 다시 로그인하세요."
"<strong>You have successfully updated WordPress!</strong> Please log back in to experience the awesomeness.","<strong>워드프레스를 성공적으로 업데이트 했습니다!</strong> 굉장한 것을 경험하려면 다시 로그인해주세요."
"This action has been disabled by the administrator.","관리자에 의해 이 작업은 취소되었습니다."
"Slow down cowboy, no need to check for new mails so often!","서두르지 마세요, 새로운 메일을 자주 확인할 필요가 없습니다!"
"There doesn&#8217;t seem to be any new mail.","새로운 메일이 없는 것 같습니다."
"Author is %s","글 쓴이는 %s입니다."
"<strong>Author:</strong> %s","<strong>글쓴이:</strong> %s"
"<strong>Posted title:</strong> %s","<strong>글 제목:</strong> %s"
"Oops: %s","이크: %s"
"Mission complete. Message <strong>%s</strong> deleted.","임무가 완료됐습니다. <strong>%s</strong> 메시지가 삭제됐습니다."
"Site Name:","사이트 이름:"
"Site Domain:","사이트 도메인:"
"sitename","사이트 이름"
"domain","도메인"
"Your address will be %s.","주소는 %s가 될 것입니다."
"Must be at least 4 characters, letters and numbers only. It cannot be changed, so choose carefully!","최소한 4글자 이상이어야하고 글자와 숫자만 가능합니다. 변경될 수 없으니 주의해서 선택하세요."
"Site Title:","사이트 제목:"
"Privacy:","프라이버시:"
"Allow search engines to index this site.","검색엔진이 이 사이트를 검색목록에 포함하도록 허용합니다."
"Yes","예"
"No","아니오"
"(Must be at least 4 characters, letters and numbers only.)","(최소 4글자 이상, 글자와 숫자만.)"
"Email&nbsp;Address:","이메일l&nbsp;주소:"
"We send your registration email to this address. (Double-check your email address before continuing.)","이 주소로 가입 이메일을 보냅니다. (계속하기 전에 다시 한번 이메일 주소를 확인하세요.)"
"Get <em>another</em> %s site in seconds","<em>다른</em> %s 사이트를 가져오기"
"There was a problem, please correct the form below and try again.","문제가 있습니다. 아래 양식을 수정하고 다시 시도하세요."
"Welcome back, %s. By filling out the form below, you can <strong>add another site to your account</strong>. There is no limit to the number of sites you can have, so create to your heart&#8217;s content, but write responsibly!","%s님 다시 방문해 주서서 감사합니다. 아래의 양식을 작성해 주시면 <strong>귀하의 계정에 다른 사이트를 추가할 수</strong> 있습니다. 개설할 수 있는 사이트는 제한이 없으며 원하는대로 사이트를 만들 수 있습니다. 하지만 책임감을 갖고 글을 올려주세요."
"Sites you are already a member of:","이미 멤버인 사이트들:"
"If you&#8217;re not going to use a great site domain, leave it for a new user. Now have at it!","만약 좋은 사이트 도메인을 사용하지 않을거라면, 새로운 사용자를 위해 놔두세요. 지금 그걸 가지세요!"
"Create Site","사이트 생성"
"The site %s is yours.","사이트 %s 은(는) 당신 것입니다."
"<a href=\"http://%s\">http://%s</a> is your new site. <a href=\"%s\">Log in</a> as &#8220;%s&#8221; using your existing password.","<a href=\"http://%s\">http://%s</a>은 새 사이트입니다. 기존의 비밀번호를 사용하여 &#8220;%s&#8221;로 <a href=\"%s\">로그인</a>하세요 ."
"Get your own %s account in seconds","몇 초만에 자신만의 %s 계정을 만드세요"
"Gimme a site!","사이트를 주세요!"
"Just a username, please.","사용자명만 입력하세요."
"Next","다음"
"%s is your new username","%s 은(는) 새로운 사용자명입니다."
"But, before you can start using your new username, <strong>you must activate it</strong>.","하지만, 새로운 사용자명을 사용하기 전에 <strong>활성화해야 합니다</strong>."
"Check your inbox at <strong>%s</strong> and click the link given.","<strong>%s</strong>의 받은 편지함을 확인하고 주어진 링크를 클릭하세요."
"If you do not activate your username within two days, you will have to sign up again.","2 일 이내에 사용자명을 활성화하지 않으면, 다시 가입해야합니다."
"Signup","가입"
"Congratulations! Your new site, %s, is almost ready.","축하합니다! 새로운 사이트인 %s 이(가) 거의 준비되었습니다."
"But, before you can start using your site, <strong>you must activate it</strong>.","하지만, 사이트를 사용하기 전에 <strong>활성화해야 합니다</strong>."
"If you do not activate your site within two days, you will have to sign up again.","2 일 이내에 사이트를 활성화하지 않으면, 다시 가입해야합니다."
"Still waiting for your email?","여전히 이메일을 기다리고 있습니까?"
"If you haven&#8217;t received your email yet, there are a number of things you can do:","만약 아직 이메일을 받지 못했다면, 할 수 있는 것들이 있습니다:"
"Wait a little longer. Sometimes delivery of email can be delayed by processes outside of our control.","좀 더 기다려보세요. 우리의 통제를 벗어나 가끔씩 이메일이 늦게 전송될 때가 있습니다."
"Check the junk or spam folder of your email client. Sometime emails wind up there by mistake.","스팸 편지함을 확인해보세요. 가끔씩 이메일이 그 곳으로 전송되는 경우가 있습니다."
"Have you entered your email correctly?  You have entered %s, if it&#8217;s incorrect, you will not receive your email.","이메일 주소를 제대로 입력하셨습니까? %s (으)로 입력하셨습니다. 만약 이 주소가 틀렸다면 이메일을 받지 못합니다."
"all","모두"
"none","없음"
"blog","블로그"
"user","사용자"
"Greetings Site Administrator! You are currently allowing &#8220;%s&#8221; registrations. To change or disable registration go to your <a href=\"%s\">Options page</a>.","안녕하세요, 사이트 관리자님! %s 의 가입을 허용하고 있습니다. 가입을 변경하거나 중지시키려면 <a href=\"%s\">옵션 페이지</a>로 이동하세요."
"Registration has been disabled.","가입이 중지되었습니다."
"You must first <a href=\"%s\">log in</a>, and then you can create a new site.","먼저 <a href=\"%s\">로그인</a>을 해야 합니다. 그런 후에 새로운 사이트를 생성할 수 있습니다."
"User registration has been disabled.","사용자 등록이 중지되어 있습니다."
"Site registration has been disabled.","사이트 등록이 중지되어 있습니다."
"Sorry, new registrations are not allowed at this time.","죄송합니다. 새 회원가입이 지금은 허용되지 않습니다."
"You are logged in already. No need to register again!","이미 로그인했습니다. 다시 등록할 필요가 없습니다!"
"<p><em>The site you were looking for, <strong>%s</strong> does not exist, but you can create it now!</em></p>","<p><em>찾는 사이트인 <strong>%s</strong>은(는) 존재하지 않지만 지금 생성할 수 있습니다!</em></p>"
"<p><em>The site you were looking for, <strong>%s</strong>, does not exist.</em></p>","<p><em>찾는 사이트인 <strong>%s</strong>은(는) 존재하지 않습니다.</em></p>"
"Learn word","단어 알아보기"
"Insert Page Break","페이지 자름 삽입"
"Types","타입"
"Lower alpha","소문자 알파벳"
"Lower greek","소문자 그리스 글자"
"Lower roman","소문자 로마자"
"Upper alpha","대문자 알파벳"
"Upper roman","대문자 로마자"
"Circle","원"
"Disc","디스크"
"Square","정사각형"
"Rich Text Area","서식있는 텍스트 영역"
"Words:","단어들:"
"Styles","스타일"
"Font size","글꼴 크기"
"Font family","글꼴계열"
"Format","형식"
"Paragraph","문단"
"Address","주소"
"Preformatted","정형화된 형식"
"Heading 1","제목 1"
"Heading 2","제목 2"
"Heading 3","제목 3"
"Heading 4","제목 4"
"Heading 5","제목 5"
"Heading 6","제목 6"
"Blockquote","인용"
"Code","코드"
"Code sample","코드 샘플"
"Definition term","정의-용어"
"Definition description","정의-설명"
"Underline","밑줄"
"Strikethrough (Alt + Shift + D)","취소선 (Alt + Shift + D)"
"Align Left (Alt + Shift + L)","좌측 정렬 (Alt + Shift + L)"
"Align Center (Alt + Shift + C)","중앙 정렬 (Alt + Shift + C)"
"Align Right (Alt + Shift + R)","오른쪽 정렬 (Alt + Shift + R)"
"Align Full (Alt + Shift + J)","전체 정렬 (Alt + Shift + J)"
"Outdent","내어쓰기"
"Indent","들여쓰기"
"Undo (Ctrl + Z)","되돌리기 (Ctrl + Z)"
"Redo (Ctrl + Y)","다시하기 (Ctrl + Y)"
"Cleanup messy code","메시 코드 제거"
"Edit HTML Source","HTML 소스 편집"
"Subscript","아래첨자"
"Superscript","위첨자"
"Insert horizontal ruler","수평선 삽입"
"Remove formatting","포매팅 제거"
"Select text color","텍스트 색상 선택"
"Select background color","배경색상 선택"
"Insert custom character","사용자 문자 삽입"
"Toggle guidelines/invisible elements","가이드라인/보이지 않는 요소 토글"
"Insert/edit anchor","앵커 삽입/편집"
"Cut","잘라내기"
"Copy","복사"
"Paste","붙여 넣기"
"Image properties","그림 속성"
"New document","새 문서"
"Help","도움말"
"Path","경로"
"Are you sure you want to clear all contents?","모든 내용을 지우시겠습니까?"
"Jump to tool buttons - Alt+Q, Jump to editor - Alt-Z, Jump to element path - Alt-X","툴 버튼으로 점프 - Alt-Q, 편집기로 점프 - Alt-Z, 요소 경로로 점프 - Alt-X"
"Accessibility Help","접근성 도움말"
"Press ALT F10 for toolbar. Press ALT 0 for help.","툴바는 ALT F10을 누르세요. 도움말은 ALT 0을 누르세요."
"Toolbar","툴바"
"About TinyMCE","TinyMCE 정보"
"About","정보"
"License","라이선스"
"Plugins","플러그인"
"Plugin","플러그인"
"Author","글쓴이"
"Version","버전"
"Loaded plugins","읽어들인 플러그인"
"Anchor name","앵커 이름"
"HTML Source Editor","HTML 소스 편집기"
"Word wrap","줄바꿈"
"Select a color","색상 선택"
"Picker","선택기"
"Color picker","색상선택기"
"Palette","팔레트"
"Palette colors","팔레트 색상"
"Named","이름"
"Named colors","이름 색상"
"Color:","색상:"
"Name:","이름:"
"Select custom character","사용자 문자 선택"
"Use left and right arrows to navigate.","이동하려면 좌우 방향키를 사용하세요."
"Image URL","이미지 URL"
"Image description","이미지 설명"
"Image list","이미지 목록"
"Border","경계선"
"Dimensions","차원"
"Vertical space","수직공간"
"Horizontal space","수평공간"
"Baseline","기준선"
"Top","꼭대기"
"Middle","가운데"
"Bottom","아래"
"Text top","텍스트 상단"
"Text bottom","텍스트 하단"
"Link URL","링크 ID"
"Target","타겟"
"Open link in the same window","같은 창에서 링크 열기"
"Open link in a new window","새 창에서 링크 열기"
"The URL you entered seems to be an email address, do you want to add the required mailto: prefix?","입력한 URL은 메일주소로 보입니다. mailto: 접두어를 추가하시겠습니까?"
"The URL you entered seems to external link, do you want to add the required http:// prefix?","입력한 URL은 외부 링크로 보입니다. http:// 접두어를 추가하시겠습니까?"
"Link list","링크 목록"
"General Usage","일반 사용"
"General","일반"
"Advanced","고급"
"File/URL","파일/URL"
"List","리스트"
"Constrain proportions","종횡비 유지"
"Type","타입"
"Name","이름"
"V-Space","상하여백"
"H-Space","좌우여백"
"Auto play","자동재생"
"Loop","연속재생"
"Show menu","메뉴 보기"
"Quality","품질"
"Scale","스케일"
"Align","정렬"
"SAlign","정렬"
"Base","기본"
"Flashvars","WMode"
"Cache","캐시"
"Hidden","숨겨진"
"Controller","컨트롤러"
"Kiosk mode","키오스크 모드"
"Play every frame","모든 프레임 재생"
"Target cache","타겟 캐시"
"No correction","수정없음"
"Enable JavaScript","자바스크립트 사용"
"Start time","시작시간"
"End time","종료시간"
"Choke speed","초크 속도"
"Volume","소리크기"
"Auto start","자동시작"
"Enabled","사용가능"
"Fullscreen","전체 화면"
"Mute","조용히"
"Windowless video","윈도없는 비디오"
"Balance","균형"
"Base URL","기본 URL"
"Current marker","현재 마커"
"Current position","현재 위치"
"Default frame","기본 프레임"
"Play count","재생횟수"
"Rate","등급"
"UI Mode","UI모드"
"Flash options","플래시 옵션"
"QuickTime options","퀵타임 옵션"
"Windows media player options","윈도미디어플레이어 옵션"
"Real media player options","리얼미디어플레이어 옵션"
"Shockwave options","쇽웨이브 옵션"
"Image status","이미지 상태"
"No java","자바 없음"
"Shuffle","순서섞음"
"Console","콘솔"
"Controls","컨트롤"
"Script callbacks","스크립트 콜백"
"Stretch style","늘이기 스타일"
"Stretch H-Align","수평정렬 늘이기"
"Stretch V-Align","수직정렬 늘이기"
"Sound","소리"
"Progress","진행"
"QT Src","QT 소스"
"Streamed rtsp resources should be added to the QT Src field under the advanced tab.","rtsp 스트림 리소스는 고급 탭의 QT 소스 필드에 추가해야 합니다."
"Top left","좌상단"
"Top right","우상단"
"Bottom left","좌하단"
"Bottom right","우하단"
"Flash video options","플래시 비디오 옵션"
"Scale mode","확대모드"
"Buffer","버퍼"
"Start image","이미지 시작"
"Default volume","기본 볼륨"
"Hidden GUI","숨겨진 GUI"
"Show scale modes","확대모드 보이기"
"Smooth video","스무스 비디오"
"JS Callback","JS 콜백"
"HTML5 Video Options","HTML5 비디오 옵션"
"Alternative source 1","대체 소스 1"
"Alternative source 2","대체 소스 2"
"Preload","미리 올림"
"Poster","포스터"
"Source","원본"
"Show/Hide Kitchen Sink (Alt + Shift + Z)","키친 싱크 보이기/숨기기 (Alt + Shift + Z)"
"Insert More Tag (Alt + Shift + T)","더보기 태그 넣기 (Alt + Shift + T)"
"Insert Page break (Alt + Shift + P)","페이지 자름 태그 추가 (Alt + Shift + P)"
"More...","더 보기..."
"Next page...","다음 쪽..."
"Add Media","미디어 추가"
"Add an Image","이미지 추가"
"Add Video","비디오 추가"
"Add Audio","오디오 추가"
"Edit Gallery","갤러리 편집"
"Delete Gallery","갤러리 지우기"
"Distraction Free Writing mode (Alt + Shift + W)","글 작성 집중 모드 (Alt + Shift + W)"
"Edit Image","이미지 편집"
"Delete Image","이미지 지우기"
"Advanced Settings","고급 옵션"
"Size","크기"
"Thumbnail","작은 사진(썸네일)"
"Medium","보통"
"Full Size","전체 크기"
"Current Link","현재 링크"
"Link to Image","이미지에 연결"
"Enter a link URL or click above for presets.","링크 URL을 입력하거나 presets중에서 선택하십시오"
"Advanced Image Settings","고급 이미지 설정"
"Width","폭"
"Height","높이"
"Original Size","원본 크기"
"CSS Class","CSS 클래스"
"Advanced Link Settings","고급 링크 편집"
"Link Rel","링크 관계"
"Caption","캡션"
"Alternative Text","대체 텍스트"
"Rich Editor Help","Rich Editor 도움말"
"Basics of Rich Editing","Rich Editing의 기본"
"Basics","기본"
"Advanced use of the Rich Editor","Rich Editor의 고급 사용법"
"Hotkeys","핫키들"
"About the software","소프트웨어에 대하여"
"Rich Editing Basics","Rich Editing 기본"
"<em>Rich editing</em>, also called WYSIWYG for What You See Is What You Get, means your text is formatted as you type. The rich editor creates HTML code behind the scenes while you concentrate on writing. Font styles, links and images all appear approximately as they will on the internet.","<em>Rich editing</em>, WYSIWYG(What You See Is What You Get)라고도 불리는 것은 자신이 글이 쓴대로 보여진다는 뜻입니다. Rich editor는 글을 쓰는 동안 HTML 코드를 만듭니다. 모든 글꼴 모양, 링크 그리고 그림은 인터넷에 나타나는 것과 거의 같게 보여집니다."
"WordPress includes a rich HTML editor that works well in all major web browsers used today. However editing HTML is not the same as typing text. Each web page has two major components: the structure, which is the actual HTML code and is produced by the editor as you type, and the display, that is applied to it by the currently selected WordPress theme and is defined in style.css. WordPress is producing valid XHTML 1.0 which means that inserting multiple line breaks (BR tags) after a paragraph would not produce white space on the web page. The BR tags will be removed as invalid by the internal HTML correcting functions.","워드프레스는 오늘날 모든 메이저 웹브라우저에서 잘 동작하는 rich HTML 편집기를 포함하고 있습니다. 그러나 HTML을 편집하는 것은 텍스트를 입력하는 것과 다릅니다. 모든 웹 페이지는 두가지 큰 요소가 있습니다. 하나는 입력한대로 편집기에 의해 만들어지는 HTML코드와 같은 구조이고 다른 하나는 현재 선택된 워드프레스 테마와 style.css에 정의된 대로 적용되는 표현입니다.  워드프레스는 웹페이지에 공백을 만들지 않기 위해 단락 뒤에 복수의 줄바꿈(BR 태그)를 추가하여 올바른 XHTML 1.0 문서를 만들고 있습니다. 잘못된 BR 태그는 내부적인 HTML 수정함수에 의해 제거될 것입니다."
"While using the editor, most basic keyboard shortcuts work like in any other text editor. For example: Shift+Enter inserts line break, Ctrl+C = copy, Ctrl+X = cut, Ctrl+Z = undo, Ctrl+Y = redo, Ctrl+A = select all, etc. (on Mac use the Command key instead of Ctrl). See the Hotkeys tab for all available keyboard shortcuts.","편집기를 사용하는 동안, 대부분의 기본 키보드 단축키는 다른 텍스트 편집기와 비슷하게 동작합니다. 예를 들어: Shift+Enter는 줄을 띄우고, Ctrl+C = 복사, Ctrl+X = 잘라내기, Ctrl+Z = 실행취소(Undo), Ctrl+Y = 다시하기(redo), Ctrl+B = 굵게, Ctrl+I = 이탤릭체로, Ctrl+U = 밑줄, 등등 (맥에서는 Ctrl대신 애플키를 사용합니다.) 사용가능한 모든 단축키를 보려면 핫키들 탭을 보십시오."
"If you do not like the way the rich editor works, you may turn it off from Your Profile submenu, under Users in the admin menu.","Rich editor가 작동하는 것을 원치 않으면, 사용자 메뉴 아래의 저자와 사용자 메뉴에서 끌 수 있습니다."
"Advanced Rich Editing","고급 Rich Editing"
"Images and Attachments","이미지와 첨부"
"There is a button in the editor toolbar for inserting images that are already hosted somewhere on the internet. If you have a URL for an image, click this button and enter the URL in the box which appears.","편집기 툴바에는 인터넷에 이미 올라가 있는 그림을 넣기 위한 버튼이 있습니다. 그림의 URL을 알고 있다면 이 버튼을 누르시고 새 창에서 그 URL을 입력하십시오."
"If you need to upload an image or another media file from your computer, you can use the Media Library button above the editor. The media library will attempt to create a thumbnail-sized copy from each uploaded image. To insert your image into the post, first click on the thumbnail to reveal a menu of options. When you have selected the options you like, click \"Insert into Post\" and your image or file will appear in the post you are editing.","컴퓨터에서 그림이나 미디어파일을 올리고자 한다면 편집기 위에 있는 미디어 라이브러리 버튼을 사용할 수 있습니다. 미디어 라이브러리는 모든 업로드된 이미지에서 섬네일 이미지를 만들려고 할 것입니다. 그림을 글에 삽입하려면 옵션 메뉴에 나타나는 섬네일을 클릭하면 됩니다. 원하는 옵션을 선택한 뒤 \"본문에 삽입하기\"를 누르면 이미지나 파일이 편집중인 글에 나타날 것입니다. "
"HTML in the Rich Editor","Rich Editor에서 HTML"
"Any HTML entered directly into the rich editor will show up as text when the post is viewed. What you see is what you get. When you want to include HTML elements that cannot be generated with the toolbar buttons, you must enter it by hand in the Text editor. Examples are tables and &lt;code&gt;. To do this, click the Text tab and edit the code, then switch back to Visual mode. If the code is valid and understood by the editor, you should see it rendered immediately.","편집기에 직접 적은 HTML은 글이 보여질때 일반 문자와 같이 보입니다. 보는 것이 결과물입니다WYSIWYG). 도구모음 버튼으로 입력할 수 없는 HTML요소를 넣고자 한다면 텍스트 편집기에서 직접 입력해야 합니다. 예를 들면 표나 &lt;code&gt;같은 요소입니다. 이를 넣기 위해서는 텍스트 탭을 클릭하고 코드를 편집하십시오. 그런 다음 비주얼 모드로 전환하세요. 입력한 코드가 올바르고 편집기가 잘 이해를 했다면 즉시 화면에 표시될 것입니다."
"Pasting in the Rich Editor","Rich Editor에서 붙여 넣기"
"When pasting content from another web page the results can be inconsistent and depend on your browser and on the web page you are pasting from. The editor tries to correct any invalid HTML code that was pasted, but for best results try using the Text tab or one of the paste buttons that are on the second row. Alternatively try pasting paragraph by paragraph. In most browsers to select one paragraph at a time, triple-click on it.","다른 웹페이지에서 컨텐트를 가져와 붙여넣었을 때 결과가 불일치할 경우가 있으며 웹브라우저와 가져오는 웹페이지에 따라 다를 수도 있습니다. 편집기는 붙여진 유효하지 않은 HTML 코드를 수정하려고 하지만 최선의 결과물을 위해 텍스트 탭을 사용하거나 두번째 줄에 있는 붙여넣기 버튼중 하나를 사용해보세요. 다른 방법은 문단별로 붙여넣어 보세요. 대부분의 웹브라우저에서 한 문단을 한번에 선택하려면 문단을 빠르게 3번 클릭하면 됩니다."
"Pasting content from another application, like Word or Excel, is best done with the Paste from Word button on the second row, or in Text mode.","워드나 엑셀 같은 다른 애플리케이션에서 컨텐트를 붙여넣는 것은 두번째 줄의 워드에서 붙여넣기 버튼이나 텍스트 모드에서 하면 가장 좋습니다."
"Writing at Full Speed","최대한 빨리 쓰기"
"Rather than reaching for your mouse to click on the toolbar, use these access keys. Windows and Linux use Ctrl + letter. Macintosh uses Command + letter.","툴바를 클릭하기 위해 마우스를 움직이기 보다 단축키를 이용하십시오. 윈도와 리눅스는 Ctrl + 문자, 맥은 Command + 문자 입니다."
"Action","동작"
"Select all","전체선택"
"Undo","되돌리기"
"Redo","다시하기"
"Bold","볼드"
"Italic","이탤릭"
"The following shortcuts use different access keys: Alt + Shift + letter.","아래 바로가기는 다른 단축키 Alt + Shift + 문자 를 사용합니다."
"Check Spelling","철자 검사하기"
"Align Left","왼쪽 정렬"
"Justify Text","글 자리맞추기"
"Align Center","가운데 정렬"
"Strikethrough","스트라이크"
"Align Right","오른쪽 정렬"
"Insert link","링크 삽입"
"Remove link","링크 삭제"
"Quote","인용"
"Insert Image","이미지 추가"
"Distraction Free Writing mode","글쓰기 집중 모드"
"Insert More Tag","\"더 보기\" 태그 넣기"
"Insert Page Break tag","페이지 자름 태그 추가"
"Editor width in Distraction Free Writing mode:","글 작성 집중 모드의 편집기 폭:"
"Wider","더 넓게"
"Narrower","더 좁게"
"Default width","기본 폭"
"Version:","버전:"
"TinyMCE is a platform independent web based Javascript HTML WYSIWYG editor released as Open Source under %sLGPL</a>\tby Moxiecode Systems AB. It has the ability to convert HTML TEXTAREA fields or other HTML elements to editor instances.","TinyMCE 는 플랫폼에 구애받지 않는 웹 기반의 자바스크립트 HTML WYSIWYG 편집기이며 %sLGPL</a>\tby Moxiecode Systems AB에 따라 오픈 소스로 배포됩니다. 이 편집기는 HTML TEXTAREA 칸이나 다른 HTML 요소들을 편집기의 요소로 바꾸어 주는 능력이 있습니다."
"For more information about this software visit the <a href=\"http://tinymce.com\" target=\"_blank\">TinyMCE website</a>.","이 소프트웨어의 더 많은 정보를 원하시면 <a href=\"http://tinymce.com\" target=\"_blank\">TinyMCE 웹사이트</a>를 방문하세요."
"Comments Feed","댓글 피드"
"Edit This","고치기"
"Edit comment","댓글 편집"
"Edit Link","링크 편집"
"Use commas instead of %s to separate excluded categories.","제외된 카테고리를 분리하려면 %s 대신에 콤마를 사용하세요."
"Previous Post","이전 글"
"Next Post","다음 글"
"Newer Comments &raquo;","새로운 댓글 &raquo;"
"&laquo; Older Comments","&laquo; 이전 댓글"
"This is the short link.","이것은 단축 링크입니다."
"Your server is running PHP version %s but WordPress %s requires at least %s.","서버가 PHP 버전 %s를 사용중입니다만 워드프레스 %s은(는) 최소 %s 이상을 요구합니다."
"Your PHP installation appears to be missing the MySQL extension which is required by WordPress.","PHP에 MySQL 확장이 설치되어 있지 않은 것 같습니다. 워드프레스는 이 확장이 필요합니다."
"Maintenance","유지보수"
"Briefly unavailable for scheduled maintenance. Check back in a minute.","예약되어 있는 유지보수를 위해 잠시 사용할 수 없습니다. 잠시 후에 다시 확인하세요."
"<strong>ERROR</strong>: <code>$table_prefix</code> in <code>wp-config.php</code> can only contain numbers, letters, and underscores.","<strong>오류</strong>:  <code>wp-config.php</code>의 <code>$table_prefix</code>는 반드시 영문자, 숫자와 _로만 이뤄져야 합니다."
"The site you have requested is not installed properly. Please contact the system administrator.","요청하신 사이트가 올바르게 설치되지 않았습니다. 시스템 관리자에게 문의하시기 바랍니다."
"S_Sunday_initial","일"
"M_Monday_initial","월"
"T_Tuesday_initial","화"
"W_Wednesday_initial","수"
"T_Thursday_initial","목"
"F_Friday_initial","금"
"S_Saturday_initial","토"
"am","오전"
"pm","오후"
"AM","오전"
"PM","오후"
"number_format_thousands_sep",","
"number_format_decimal_point",", "
"ltr","LTR"
"Drop files to upload","업로드 하려면 파일을 놓으세요"
"Upload Limit Exceeded","업로드 제한 초과 "
"Drop files anywhere to upload","업로드 하려면 아무 곳에나 파일을 놓으세요"
"Select Files","파일을 선택하세요"
"Maximum upload file size: %d%s.","최대 업로드 파일 사이즈: %d%s."
"Your browser has some limitations uploading large files with the multi-file uploader. Please use the <a href=\"%s\" target=\"%s\">browser uploader</a> for files over 100MB.","브라우저가 다중 파일 업로더로 큰 사이즈의 파일을 업로드 하는데 제한이 있습니다. 100MB를 초과하는 파일에 대해서는 <a href=\"%s\" target=\"%s\">브라우저 업로더</a>를 사용하세요."
"Uploading","업로드"
"Dismiss Errors","에러 무시하기"
"Error","오류"
"Deselect","선택 해제"
"Caption this image&hellip;","이 이미지에 캡션&hellip;"
"Describe this video&hellip;","이 비디오에 대한 설명&hellip;"
"Describe this audio file&hellip;","이 오디오 파일에 대한 설명&hellip;"
"Describe this media file&hellip;","이 미디어 파일에 대한 설명&hellip;"
"Attachment Details","첨부 상세"
"Refresh","새로 고침"
"Delete Permanently","영구적으로 삭제하기"
"Alt Text","대체 텍스트"
"Description","설명"
"Edit","편집"
"Clear","지우기"
"Attachment Display Settings","첨부 표시 설정"
"Link To","연결"
"Custom URL","사용자 정의 URL"
"Attachment Page","첨부 페이지"
"Media File","미디어 파일"
"Large","최대 크기"
"Gallery Settings","갤러리 설정"
"Columns","열(컬럼)"
"Random Order","랜덤 순서"
"No editor could be selected.","편집기를 선택할 수 없습니다."
"Allowed Files","허용된 파일"
"Select","선택"
"%d selected","%d 선택됨"
"Drag and drop to reorder images.","이미지를 재정렬 하려면 끌어놓기 하세요."
"Upload Files","파일 업로드"
"Upload Images","이미지 업로드"
"Media Library","미디어 라이브러리"
"Insert Media","미디어 삽입"
"Create a new gallery","새 갤러리 생성하기"
"&#8592; Return to library","&#8592; 라이브러리로 돌아가기"
"All media items","모든 미디어 아이템"
"No items found.","항목을 찾을 수 없습니다."
"Insert into page","페이지에 삽입하기"
"Insert into post","글에 삽입하기"
"Uploaded to this page","이 페이지에 업로드 됐습니다."
"Uploaded to this post","이 글에 업로드 됐습니다"
"You are about to permanently delete this item.\n  'Cancel' to stop, 'OK' to delete.","해당 항목을 영구적으로 삭제하려는 중입니다.\n중지하려면 '취소'를, 삭제하려면 'OK'를 클릭하세요"
"Insert from URL","URL에서 삽입하기"
"Set Featured Image","특성 이미지 설정"
"Set featured image","특성 이미지 설정"
"Create Gallery","갤러리 생성하기"
"&#8592; Cancel Gallery","&#8592; 갤러리 취소"
"Insert gallery","갤러리 삽입"
"Update gallery","갤러리 업데이트"
"Add to gallery","갤러리에 추가"
"Add to Gallery","갤러리에 추가하기"
"Reverse order","순서 바꾸기"
"The constant <code>VHOST</code> <strong>is deprecated</strong>. Use the boolean constant <code>SUBDOMAIN_INSTALL</code> in wp-config.php to enable a subdomain configuration. Use is_subdomain_install() to check whether a subdomain configuration is enabled.","상수 <code>VHOST</code>는 폐기 되었습니다. 서브 도메인 환경설정을 가능하도록 하기 위해 wp-config.php에서 boolean 상수인 <code>SUBDOMAIN_INSTALL</code>를 사용하세요. 서브 도메인 환경설정이 가능한지 확인하려면  is_subdomain_install()를 사용하세요."
"<strong>Conflicting values for the constants VHOST and SUBDOMAIN_INSTALL.</strong> The value of SUBDOMAIN_INSTALL will be assumed to be your subdomain configuration setting.","<strong>상수 VHOST와 SUBDOMAIN_INSTALL의 충돌 값.</strong> SUBDOMAIN_INSTALL값은 서브 도메인 환경설정 설정값으로 추정됩니다. "
"The requested user does not exist.","요청한 사용자는 존재하지 않습니다."
"That user does not exist.","그 사용자는 존재하지 않습니다."
"<strong>ERROR</strong>: Site URL already taken.","<strong>에러</strong>: 사이트 URL이 이미 사용되고 있습니다. "
"<strong>ERROR</strong>: problem creating site entry.","<strong>에러</strong>: 문제가 발생하여 사이트 엔트리를 생성하고 있습니다."
"Only lowercase letters (a-z) and numbers are allowed.","소문자(a-z)와 숫자만 가능합니다."
"Please enter a username.","사용자 이름을 입력해주세요."
"That username is not allowed.","그 사용자 이름은 사용할 수 없습니다."
"You cannot use that email address to signup. We are having problems with them blocking some of our email. Please use another email provider.","가입을 위해 그 이메일을 사용할 수 없습니다. 이메일의 차단 문제를 겪고 있습니다. 다른 이메일 제공자를 사용해주세요."
"Username must be at least 4 characters.","사용자이름은 4글자 이상이어야 합니다."
"Sorry, usernames may not contain the character &#8220;_&#8221;!","죄송합니다, 사용자명에 &#8220;_&#8221; 문자를 포함할 수 없습니다!"
"Sorry, usernames must have letters too!","죄송합니다, 사용자명에는 문자도 있어야 합니다!"
"Please enter a valid email address.","유효한 이메일 주소를 입력해주세요."
"Sorry, that email address is not allowed!","죄송합니다, 그 이메일은 허용되지 않습니다!"
"Sorry, that username already exists!","죄송합니다, 그 사용자명은 이미 존재합니다!"
"Sorry, that email address is already used!","죄송합니다, 그 이메일은 이미 사용중입니다!"
"That username is currently reserved but may be available in a couple of days.","사용자명이 현재 보류되어 있으나 며칠후면 사용이 가능합니다."
"username and email used","사용자명과 이메일이 사용중입니다."
"That email address has already been used. Please check your inbox for an activation email. It will become available in a couple of days if you do nothing.","이메일이 이미 사용중입니다. 활성화 이메일을 확인하세요. 아무것도 하지 않는다면 며칠후 사용이 가능합니다."
"Please enter a site name.","사이트 이름을 입력해주세요."
"That name is not allowed.","그 이름은 사용할 수 없습니다."
"Site name must be at least 4 characters.","사이트 이름은 4글자 이상이어야 합니다."
"Sorry, site names may not contain the character &#8220;_&#8221;!","죄송합니다. 사이트명에 &#8220;_&#8221;문자를 포함할 수 없습니다!"
"Sorry, you may not use that site name.","죄송합니다, 그 사이트명을 사용하실 수 없습니다."
"Sorry, site names must have letters too!","죄송합니다. 사이트명에는 문자도 포함되어 있어야 합니다!"
"Please enter a site title.","사이트 제목을 입력해주세요."
"Sorry, that site already exists!","죄송합니다, 사이트가 이미 존재합니다!"
"Sorry, that site is reserved!","죄송합니다, 그 사이트는 보유중입니다!"
"That site is currently reserved but may be available in a couple days.","사이트가 현재 보류되어 있으나 며칠 후면 사용이 가능합니다."
"To activate your blog, please click the following link:\n\n%s\n\nAfter you activate, you will receive *another email* with your login.\n\nAfter you activate, you can visit your site here:\n\n%s","블로그를 활성화시키려면 다음의 링크를 클릭해주세요:\n\n%s\n\n활성화되면, 로그인 정보가 포함된 다른 이메일을 받습니다.\n\n활성화되면, 아래의 링크를 클릭하여 사이트를 방문할 수 있습니다.\n\n%s"
"[%s] Activate %s","[%s] 활성화 %s"
"To activate your user, please click the following link:\n\n%s\n\nAfter you activate, you will receive *another email* with your login.","사용자를 활성화 하려면 아래의 링크를 클릭하세요:\n\n%s\n\n활성화 후에는 로그인 링크가 있는 이메일을 하나 더 받게 됩니다."
"Invalid activation key.","잘못된 승인 키입니다."
"The user is already active.","사용자는 이미 활동 중입니다."
"The site is already active.","사이트가 이미 활동중입니다."
"Could not create user","사용자를 생성할 수 없습니다."
"That username is already activated.","그 사용자명은 이미 활성화되었습니다."
"Could not create site.","사이트를 생성할 수 없습니다."
"New Site: %s\nURL: %s\nRemote IP: %s\n\nDisable these notifications: %s","새 사이트: %s\nURL: %s\n원격 IP: %s\n\n이 알림을 비활성화: %s"
"New Site Registration: %s","새로운 사이트 등록: %s"
"New User: %s\nRemote IP: %s\n\nDisable these notifications: %s","새 사용자: %s\n원격 IP: %s\n\n이 알림을 비활성화: %s"
"New User Registration: %s","새로운 사용자 등록: %s"
"Already Installed","이미 설치됐습니다"
"You appear to have already installed WordPress. To reinstall please clear your old database tables first.","워드프레스를 이미 설치한 것 같습니다. 재설치 하려면 이전의 데이터베이스 테이블을 먼저 삭제하세요."
"Dear User,\n\nYour new SITE_NAME site has been successfully set up at:\nBLOG_URL\n\nYou can log in to the administrator account with the following information:\nUsername: USERNAME\nPassword: PASSWORD\nLog in here: BLOG_URLwp-login.php\n\nWe hope you enjoy your new site. Thanks!\n\n--The Team @ SITE_NAME","사용자께,\n\n새로운 SITE_NAME 사이트가 다음에 성공적으로 설치되었습니다 :\nBLOG_URL\n\n다음의 정보로 관리자 계정에 로그인할 수 있습니다 :\n사용자명 : USERNAME\n비밀번호 : PASSWORD\n로그인 주소 : BLOG_URLwp-login.php\n\n새로운 사이트를 즐기시길 바랍니다!\n\n--팀 @ SITE_NAME"
"New %s Site: %s","새로운 %s 사이트: %s"
"New %s User: %s","새로운 %s 사용자: %s"
"This file is too big. Files must be less than %d KB in size.","이 파일은 너무 큽니다. 파일은  %d KB 보다 작아야 합니다."
"An error occurred adding you to this site. Back to the <a href=\"%s\">homepage</a>.","귀하를 이 사이트에 추가하던 중 에러가 발생했습니다. <a href=\"%s\">홈페이지</a>로 이동하세요."
"You have been added to this site. Please visit the <a href=\"%s\">homepage</a> or <a href=\"%s\">log in</a> using your username and password.","귀하는 이 사이트에 추가되었습니다. <a href=\"%s\">홈페이지</a>를 방문하시거나 귀하의 사용자명과 비밀번호를 이용하여 <a href=\"%s\">로그인</a>하세요."
"WordPress &rsaquo; Success","워드프레스 &rsaquo; 성공"
"Dear User,\n\nYour new account is set up.\n\nYou can log in with the following information:\nUsername: USERNAME\nPassword: PASSWORD\nLOGINLINK\n\nThanks!\n\n--The Team @ SITE_NAME","사용자 귀하,\n\n귀하의 새로운 계정이 설정되었습니다.\n\n다음의 정보를 이용하여 로그인 할 수 있습니다.:\n사용자명: USERNAME\n비밀번호: PASSWORD\nLOGINLINK\n\n감사합니다!\n\n--The Team @ SITE_NAME"
"This user has elected to delete their account and the content is no longer available.","이 사용자는 계정 삭제에 선정되었으며 컨텐츠가 더이상 사용가능하지 않습니다."
"This site has not been activated yet. If you are having problems activating your site, please contact <a href=\"mailto:%s\">%s</a>.","이 사이트는 아직 활성화되지 않았습니다. 만약 활성화하는데 문제가 있다면 <a href=\"mailto:%s\">%s</a>(으)로 연락하세요."
"This site has been archived or suspended.","이 사이트는 보관되었거나 정지되었습니다."
"That site does not exist. Please try <a href=\"%s\">%s</a>.","그 사이트는 존재하지 않습니다. <a href=\"%s\">%s</a>을(를) 시도해보세요."
"No site defined on this host. If you are the owner of this site, please check <a href=\"http://codex.wordpress.org/Debugging_a_WordPress_Network\">Debugging a WordPress Network</a> for help.","이 호스트에 정의된 사이트가 없습니다. 만약 이 사이트의 주인이라면, 도움을 위해 <a href=\"http://codex.wordpress.org/Debugging_a_WordPress_Network\">워드프레스 네트워크 디버깅</a>을 확인하세요."
"If your site does not display, please contact the owner of this network.","만약 사이트가 표시되지 않는다면, 이 네트워크의 소유자에게 연락하세요."
"If you are the owner of this network please check that MySQL is running properly and all tables are error free.","만약 이 네트워크의 소유자라면 MySQL이 정상적으로 실행되고 있는지 모든 테이블이 에러가 없는지 확인하세요."
"<strong>Database tables are missing.</strong> This means that MySQL is not running, WordPress was not installed properly, or someone deleted <code>%s</code>. You really should look at your database now.","<strong>데이터베이스 테이블이 없습니다.</strong> 이 말은 MySQL 이 실행되고 있지 않으며, 워드프레스가 정상적으로 설치되지 않았거나,누군가가 <code>%s</code>을(를) 삭제했다는 뜻입니다. 지금 데이터베이스를 확인해봐야 합니다."
"<strong>Could not find site <code>%s</code>.</strong> Searched for table <code>%s</code> in database <code>%s</code>. Is that right?","<strong><code>%s</code>의 사이트를 찾을 수 없습니다.</strong> <code>%s</code> 데이터베이스 안의 <code>%s</code>테이블을 검색했습니다. 맞습니까?"
"What do I do now?","이제 무엇을 할까요?"
"Read the <a target=\"_blank\" href=\"http://codex.wordpress.org/Debugging_a_WordPress_Network\">bug report</a> page. Some of the guidelines there may help you figure out what went wrong.","<a target=\"_blank\" href=\"http://codex.wordpress.org/Debugging_a_WordPress_Network\">버그 리포트</a> 페이지를 읽으세요. 거기서 몇개의 가이드라인이 뭐가 잘못됐는지 파악할 수 있도록 도와줄겁니다."
"If you&#8217;re still stuck with this message, then check that your database contains the following tables:","만약 아직도 이 메세지가 보인다면, 다음 테이블을 포함하는지 데이터베이스를 확인하세요:"
"Multisite only works without the port number in the URL.","멀티사이트는 URL에 포트 번호가 없어야만 작동합니다."
"Database tables are missing.","데이터베이스 테이블이 없습니다."
"No site by that name on this system.","이 시스템에 그 이름의 사이트가 없습니다."
"The menu name <strong>%s</strong> conflicts with another menu name. Please try another.","다음 <strong>%s</strong>의 메뉴 이름은 다른 메뉴 이름과 충돌이 있습니다. 다른 이름으로 시도하세요."
"The given object ID is not that of a menu item.","주어진 객체 ID는 메뉴 아이템이 아닙니다."
"Custom","사용자정의 메뉴"
"%s is a protected WP option and may not be modified","%s는 WP 옵션으로 보호되고 있습니다. 수정할 수 없습니다."
"<strong>ERROR</strong>: Invalid username or incorrect password.","<strong>오류</strong>:사용자이름이나 암호가 올바르지 않습니다."
"You should specify a nonce action to be verified by using the first parameter.","첫 번째 매개 변수를 사용하여 인증될 수 있도록 넌스 액션(nonce action)을 특정해야 합니다."
"New comment on your post \"%s\"","글의 새 댓글 \"%s\""
"Author : %s (IP: %s , %s)","글쓴이: %s (IP: %s , %s)"
"E-mail : %s","전자우편 : %s"
"Comment:","댓글:"
"You can see all comments on this post here:","이 포스트에 올려진 모든 댓글을 볼 수 있습니다:"
"[%s] Comment: \"%s\"","[%s] 댓글 : \"%s\""
"New trackback on your post \"%s\"","글 \"%s\"에 새로운 트랙백이 있습니다."
"Website: %s (IP: %s , %s)","웹사이트: %s (IP: %s , %s)"
"Excerpt:","요약: "
"You can see all trackbacks on this post here:","이 새로운 게시물에 걸려 있는 모든 엮인글(Trackback)을 보실 수 있습니다:"
"[%s] Trackback: \"%s\"","[%s] 엮인글(Trackback): \"%s\""
"New pingback on your post \"%s\"","글 \"%s\"에 새로운 핑백이 있습니다."
"You can see all pingbacks on this post here:","이 게시물에 걸려 있는 모든 pingback를 보실수 있습니다:"
"Permalink: %s","고유주소: %s"
"Trash it: %s","버리기: %s"
"Delete it: %s","삭제: %s"
"Spam it: %s","스팸처리: %s"
"A new trackback on the post \"%s\" is waiting for your approval","글 \"%s\"에 새로운 트랙백이 승인을 요청하고 있습니다."
"Website : %s (IP: %s , %s)","웹사이트: %s (IP: %s , %s)"
"Trackback excerpt:","트랙백 요약: "
"A new pingback on the post \"%s\" is waiting for your approval","글 \"%s\"에 새로운 핑백이 승인을 요청하고 있습니다."
"Pingback excerpt:","핑백 요약: "
"A new comment on the post \"%s\" is waiting for your approval","글 \"%s\"에 새로운 댓글이 승인을 요청하고 있습니다."
"Approve it: %s","받아들이기: %s"
"[%s] Please moderate: \"%s\"","[%s] 승인해 주세요: \"%s\""
"Password Lost and Changed for user: %s","다음 사용자의 암호를 고쳤습니다: %s"
"[%s] Password Lost/Changed","[%s] 암호 잃어버림/고치기"
"New user registration on your site %s:","사이트 %s에 새로운 사용자 가입:"
"Username: %s","사용자 이름: %s"
"E-mail: %s","전자우편: %s"
"[%s] New User Registration","[%s] 새로운 사용자 만들기"
"Password: %s","암호: %s"
"[%s] Your username and password","[%s] 사용자명과 비밀번호"
"Only a static class method or function can be used in an uninstall hook.","언인스톨 후크에서 정적 클래스 방법이나 기능만 사용할 수 있습니다."
"Protected: %s","잠긴 글: %s"
"Private: %s","개인글: %s"
"(more...)","(더 보기...)"
"There is no excerpt because this is a protected post.","잠긴 글에는 요약문이 없습니다."
"Pages:","페이지:"
"Next page","다음 쪽"
"Previous page","이전 쪽"
"Home","홈"
"This post is password protected. To view it please enter your password below:","이 글은 비밀글입니다. 글을 보려면 아래에 암호를 입력하세요:"
"Submit","전송"
"j F, Y @ G:i","Y년 F j일 @ G시:i분"
"%s [Autosave]","%s [자동저장]"
"%s [Current Revision]","%s [현재 리비전]"
"%s by %s","%s (%s)"
"Restore","복원"
"Compare Revisions","리비전 비교"
"Old","예전"
"New","새로 추가"
"Date Created","생성된 일자"
"Actions","작업"
"Post","글"
"Page","페이지"
"Media","미디어"
"Add New","새로 추가"
"Edit Media","미디어 편집"
"View Attachment Page","첨부 페이지 보기"
"Revisions","리비전 비교"
"Revision","리비전"
"Navigation Menu Items","네비게이션 메뉴 아이템들"
"Navigation Menu Item","네비게이션 메뉴 아이템"
"Published","발행됨"
"Scheduled","예약됨"
"Draft","임시 글"
"Pending","대기중"
"Private","개인용"
"Trash","휴지통"
"Invalid post","잘못된 글"
"Pending Review","검토중"
"Post types cannot exceed 20 characters in length","글 형식의 길이는 20자를 초과할 수 없습니다"
"Posts","글"
"Pages","페이지"
"Add New Post","새 글 쓰기"
"Add New Page","새 페이지 추가"
"Edit Post","이 글 편집"
"Edit Page","페이지 편집"
"New Page","새 페이지"
"View Page","페이지 보기"
"Search Posts","글 검색"
"Search Pages","페이지 검색"
"No posts found.","글을 찾을 수 없습니다."
"No pages found.","페이지를 찾을 수 없습니다."
"No posts found in Trash.","휴지통에서 찾은 글이 없습니다."
"No pages found in Trash.","휴지통에서 찾은 페이지가 없습니다."
"Parent Page:","상위 페이지:"
"All Posts","모든 글"
"All Pages","모든 페이지"
"Images","이미지"
"Manage Images","이미지 관리"
"Audio","오디오"
"Manage Audio","오디오 관리"
"Video","비디오"
"Manage Video","비디오 관리"
"Passing an integer number of posts is deprecated. Pass an array of arguments instead.","글의 정수 전달은 사용 중지되었습니다. 대신 인자의 배열로 전달합니다."
"Content, title, and excerpt are empty.","내용, 제목, 요약이 비어있음."
"Whoops, the provided date is invalid.","제공된 날짜는 유효하지 않습니다."
"Could not update post in the database","데이터베이스에 글을 업데이트 할 수 없습니다."
"Could not insert post into the database","데이터베이스로 글을 넣을 수 없습니다."
"The page template is invalid.","페이지 템플릿이 잘못되었습니다."
"Content","내용"
"Excerpt","요약"
"Cannot create a revision of a revision","리비전의 리비전을 만들 수 없습니다."
"You do not have permission to preview drafts.","임시글을 미리 볼 권한이 없습니다."
"Standard","표준"
"Aside","추가 정보"
"Chat","채팅"
"Gallery","갤러리"
"Link","링크"
"Image","이미지"
"Status","상태"
"Conditional query tags do not work before the query is run. Before then, they always return false.","쿼리가 실행되기 전에 조건부 쿼리 태그가 작동하지 않습니다. 그 전에 그것은 항상 False로 돌아옵니다."
"\"caller_get_posts\" is deprecated. Use \"ignore_sticky_posts\" instead.","\"caller_get_posts\" 는 사용 중지되었습니다. 대신 \"ignore_sticky_posts\" 을 사용하세요."
"This file no longer needs to be included.","이 파일은 더이상 포함할 필요가 없습니다"
"You are about to permanently delete the selected items.\n  'Cancel' to stop, 'OK' to delete.","선택한 아이템을 영구삭제하려고 합니다.\n멈추려면 '취소'를, 정말 지우려면 '확인'을 누르십시오."
"Enter a word to look up:","찾고자 하는 단어를 입력하십시오:"
"Dictionary lookup","사전식 찾기"
"lookup","찾기"
"Close all open tags","열린 태그를 모두 닫기"
"close tags","태그 닫기"
"Enter the URL","URL 입력"
"Enter the URL of the image","이미지의 URL을 입력하십시오"
"Enter a description of the image","이미지의 설명을 입력하십시오"
"fullscreen","전체화면"
"Toggle fullscreen mode","전체화면 모드 토글"
"text direction","글자 방향"
"Toggle Editor Text Direction","글자방향 편집기 토글"
"You do not have permission to do that.","이 작업을 수행할 권한이 없습니다."
"An unidentified error has occurred.","확인되지 않은 오류가 발생했습니다."
"Dismiss","무시"
"Next &gt;","다음 &gt;"
"&lt; Prev","&lt; 이전"
"of","의"
"This feature requires inline frames. You have iframes disabled or your browser does not support them.","이 기능은 인라인 프레임을 필요로 합니다. 아이프레임이 비활성이거나 브라우저가 지원하지 않습니다."
"not configured","설정되지 않음"
"You have attempted to queue too many files.","너무 많은 파일을 업로드했습니다."
"%s exceeds the maximum upload size for this site.","이 사이트에 허용된 최대 업로드 용량을 %s 초과 했습니다."
"This file is empty. Please try another.","파일이 비어있습니다. 다른 것으로 올려주십시오."
"This file type is not allowed. Please try another.","이 파일형식은 허용하지 않습니다. 다른 것으로 올려주십시오."
"This file is not an image. Please try another.","이 파일은 이미지 파일이 아닙니다. 다른 것으로 올려주세요."
"Memory exceeded. Please try another smaller file.","메모리가 초과했습니다. 작은 파일로 올려주세요."
"This is larger than the maximum size. Please try another.","이것은 최대 사이즈보다 큽니다. 다른 것으로 올려주세요."
"An error occurred in the upload. Please try again later.","업로드중에 오류가 발생했습니다. 나중에 다시 시도하십시오."
"There was a configuration error. Please contact the server administrator.","설정오류. 서버 관리자와 상의하십시오."
"You may only upload 1 file.","하나의 파일만 업로드할 수 있습니다."
"HTTP error.","HTTP 오류."
"Upload failed.","업로드 실패."
"Please try uploading this file with the %sbrowser uploader%s.","이 파일을 %s브라우저 업로더%s를 사용하여 업로드 해보세요."
"%s exceeds the maximum upload size for the multi-file uploader when used in your browser.","웹브라우저 사용시 다중 파일 업로더에서 최대 업로드 크기를 %s 초과했습니다."
"IO error.","IO 오류."
"Security error.","보안 오류."
"File canceled.","파일이 취소되었습니다."
"Upload stopped.","업로드가 중단됨."
"Crunching&hellip;","처리중 &hellip;"
"moved to the trash.","휴지통으로 이동함."
"&#8220;%s&#8221; has failed to upload.","&#8220;%s&#8221; 는 업로드를 실패했습니다."
"Strength indicator","강도 표시기"
"Very weak","매우 약함"
"Weak","약함"
"Strong","강함"
"Mismatch","불일치"
"(no title)","(제목 없음)"
"No matches found.","일치하는 것이 없습니다."
"Save &amp; Activate","저장 &amp; 활성화"
"Save &amp; Publish","저장 &amp; 출판"
"Saved","저장함"
"Add","추가"
"Separate multiple categories with commas.","각 카테고리를 콤마로 분리하십시오."
"Approve and Reply","승인 및 응답하기"
"Publish on:","공개하기:"
"Schedule for:","예약됨:"
"Published on:","공개됨:"
"Show more comments","더 많은 댓글 보기"
"No more comments found.","더이상의 댓글이 없습니다."
"Publish","공개하기"
"Schedule","예약"
"Save as Pending","대기중인글 저장하기"
"Save Draft","임시 글로 저장하기"
"Public","공개"
"Public, Sticky","공개,붙박이"
"Password Protected","암호로 보호"
"Privately Published","개인적으로 공개함"
"Submitted on:","전송완료:"
"Error while saving the changes.","변경사항을 저장하는데 오류가 발생했습니다."
"Remove From Bulk Edit","대량 편집에서 제거"
"Plugin Information:","플러그인 정보:"
"Are you sure you want to install this plugin?","이 플러그인을 설치하시겠습니까?"
"Select Color","색상 선택"
"Current Color","현재 색상"
"Could not load the preview image. Please reload the page and try again.","미리보기 이미지를 불러올 수 없습니다. 페이지를 새로고침하고 다시 시도하세요."
"Use as featured image","특성 이미지로 사용"
"Saving...","저장중..."
"Could not set that as the thumbnail image. Try a different attachment.","섬네일 이미지로 설정할 수 없습니다. 다른 첨부파일을 시도해보세요."
"Done","완료"
"No results found.","결과 없음"
"You are about to permanently delete this menu. \n 'Cancel' to stop, 'OK' to delete.","이 메뉴를 영구적으로 삭제하려고 합니다.\n멈추려면 '취소'를, 정말 지우려면 '확인'을 누르십시오."
"Saving Draft&#8230;","임시 글로 저장하기&#8230;"
"Navigation Menus","네비게이션 메뉴"
"Navigation Menu","네비게이션 메뉴들"
"Link Categories","링크 카테고리"
"Link Category","링크 카테고리"
"Search Link Categories","링크 카테고리 검색"
"All Link Categories","모든 링크 카테고리"
"Edit Link Category","링크 카테고리 편집"
"Update Link Category","링크 카테고리 업데이트"
"Add New Link Category","새로운 링크 카테고리 추가"
"New Link Category Name","새로운 링크 카테고리 이름"
"Taxonomies cannot exceed 32 characters in length","택소노미는 글자 32개를 초과할 수 없습니다"
"Tags","태그"
"Categories","카테고리"
"Tag","태그"
"Category","카테고리"
"Search Tags","태그 검색"
"Search Categories","카테고리 찾기"
"Popular Tags","인기있는 태그"
"All Tags","모든 태그"
"All Categories","모든 카테고리"
"Parent Category","상위 카테고리"
"Parent Category:","상위 카테고리:"
"Edit Tag","태그 고치기"
"Edit Category","카테고리 편집"
"View Tag","태그 보기"
"View Category","카테고리 보기"
"Update Tag","태그 업데이트"
"Update Category","카테고리 업데이트"
"Add New Tag","새 태그 추가"
"Add New Category","새 카테고리 추가"
"New Tag Name","새 태그 이름"
"New Category Name","새 카테고리 이름"
"Separate tags with commas","각 태그를 쉼표로 분리하십시오."
"Add or remove tags","새로운 태그 추가/제거"
"Choose from the most used tags","인기 태그중에서 선택"
"Empty Term","빈 용어"
"A name is required for this term","이 용어를 위한 이름이 필요합니다."
"A term with the name provided already exists with this parent.","제공한 이름이 이미 이 상위에 존재하고 있습니다."
"Could not insert term into the database","데이터베이스에 용어를 추가할 수 없습니다."
"A term with the name provided already exists.","제공한 이름을 가진 용어가 이미 존재합니다."
"Could not insert term relationship into the database","용어의 관계를 데이터베이스에 삽입할 수 없습니다."
"The slug &#8220;%s&#8221; is already in use by another term","슬러그(Slug) &#8220;%s&#8221; 는 이미 다른 용어로 사용되고 있습니다."
"Invalid object ID","잘못된 개체 ID"
"Theme without %s","%s 없는 테마"
"Please include a %s template in your theme.","%s 템플릿을 테마에 포함시키세요."
"%s - Comments on %s","%s - Commentaires sur %s"
"<abbr title=\"Really Simple Syndication\">RSS</abbr> feed for comments on this post.","이 글의 댓글을 위한 <abbr title=\"Really Simple Syndication\">RSS</abbr> 피드"
"The <abbr title=\"Universal Resource Locator\">URL</abbr> to TrackBack this entry is: <em>%s</em>","이 글의 트랙백을 위한 <abbr title=\"Universal Resource Locator\">URL</abbr>: <em>%s</em>"
"No comments yet.","댓글이 없습니다."
"Leave a comment","댓글 남기기"
"Line and paragraph breaks automatic, e-mail address never displayed, <acronym title=\"Hypertext Markup Language\">HTML</acronym> allowed: <code>%s</code>","줄은 자동으로 바뀌고, 이메일 주소는 보여지지 않습니다. 사용할 수 있는 <acronym title=\"Hypertext Markup Language\">HTML</acronym>:<code>%s</code>"
"Logged in as <a href=\"%s\">%s</a>. <a href=\"%s\" title=\"Log out of this account\">Log out &raquo;</a>","<a href=\"%s\">%s</a>님으로 로그인함. <a href=\"%s\" title=\"Log out of this account\">로그아웃 &raquo;</a>"
"E-mail","전자우편"
"Your Comment","댓글"
"Say It!","말하세요!"
"Sorry, the comment form is closed at this time.","죄송합니다. 댓글 폼은 현재 닫혀 있습니다."
"Close this window.","이 창을 닫습니다."
"Sorry, no posts matched your criteria.","죄송합니다. 조건에 맞는 글이 없습니다."
"Powered by <a href=\"%s\" title=\"Powered by WordPress, state-of-the-art semantic personal publishing platform\"><strong>WordPress</strong></a>","Powered by <a href=\"%s\" title=\"Powered by WordPress, state-of-the-art semantic personal publishing platform\"><strong>워드프레스</strong></a>"
"This post is password protected. Enter the password to view comments.","이 글은 비밀글입니다. 댓글을 보려면 비밀번호를 입력하세요."
"Comments are closed.","댓글 종료됨"
"Logged in as <a href=\"%s\">%s</a>.","<a href=\"%s\">%s</a> 님으로 로그인함."
"Log out of this account","이 계정을 로그아웃"
"Log out &raquo;","로그아웃 &raquo;"
"(required)","(필수)"
"Mail (will not be published)","메일(보여지지 않습니다.)"
"<strong>XHTML:</strong> You can use these tags: <code>%s</code>","<strong>XHTML:</strong> 다음 태그들을 사용할 수 있습니다: <code>%s</code>"
"Submit Comment","댓글 등록"
"%s and %s.","%s 와 %s."
"Entries (RSS)","글 (RSS)"
"Comments (RSS)","댓글 (RSS)"
"%d queries. %s seconds.","%d 쿼리. %s 초."
"You are currently browsing the archives for the %s category.","현재 %s 카테고리의 보관물을 검색하고 있습니다."
"You are currently browsing the <a href=\"%s/\">%s</a> blog archives for the day %s.","현재 %s 일자의 <a href=\"%s/\">%s</a> 블로그 보관물을 검색하고 있습니다."
"You are currently browsing the <a href=\"%s/\">%s</a> blog archives for %s.","현재 %s 의 <a href=\"%s/\">%s</a> 블로그 보관물을 검색하고 있습니다."
"You are currently browsing the <a href=\"%s/\">%s</a> blog archives for the year %s.","현재  %s 년도의 <a href=\"%s/\">%s</a> 블로그 보관물을 검색하고 있습니다."
"You have searched the <a href=\"%s/\">%s</a> blog archives for <strong>&#8216;%s&#8217;</strong>. If you are unable to find anything in these search results, you can try one of these links.","<strong>&#8216;%s&#8217;</strong>의 <a href=\"%s/\">%s</a> 블로그 보관물을 검색했습니다.만약 아무것도 찾을 수 없다면 다음 링크들을 시도해보세요."
"You are currently browsing the <a href=\"%s/\">%s</a> blog archives.","현재 <a href=\"%s/\">%s</a> 블로그 보관물을 검색하고 있습니다."
"This page validates as XHTML 1.0 Transitional","이 문서는 XHTML 1.0 Transitional을 준수합니다."
"Valid <abbr title=\"eXtensible HyperText Markup Language\">XHTML</abbr>","유효한 <abbr title=\"eXtensible HyperText Markup Language\">XHTML</abbr>"
"%d WordPress Update","%d 워드프레스 업데이트"
"<strong>ERROR</strong>: The username field is empty.","<strong>오류</strong>: 이름 항목이 비었습니다."
"<strong>ERROR</strong>: The password field is empty.","<strong>오류</strong>: 암호 항목이 비었습니다."
"<strong>ERROR</strong>: Invalid username. <a href=\"%s\" title=\"Password Lost and Found\">Lost your password</a>?","<strong>에러</strong>:사용자 이름이 올바르지 않습니다. <a href=\"%s\" title=\"Password Lost and Found\">비밀번호를 잊으셨습니까</a>?"
"<strong>ERROR</strong>: Your account has been marked as a spammer.","<strong>에러</strong>: 계정이 스팸으로 표시되었습니다."
"Site Suspended.","사이트가 중단되었습니다."
"<strong>ERROR</strong>: The password you entered for the username <strong>%s</strong> is incorrect. <a href=\"%s\" title=\"Password Lost and Found\">Lost your password</a>?","<strong>에러</strong>:사용자명의 비밀번호가 올바르지 않습니다. <a href=\"%s\" title=\"Password Lost and Found\">비밀번호를 잊으셨습니까</a>?"
"Please log in again.","다시 로그인하십시오."
"Cannot create a user with an empty login name.","로그인명이 없는 상태로는 사용자를 생성할 수 없습니다."
"Yahoo IM","야후 IM"
"Jabber / Google Talk","Jabber / 구글 토크"
"There are no options for this widget.","이 위젯은 옵션이 없습니다."
"Sidebar %d","사이드바 %d"
"Sidebar","사이드바"
"<h1>Can&#8217;t select database</h1>\n<p>We were able to connect to the database server (which means your username and password is okay) but not able to select the <code>%s</code> database.</p>\n<ul>\n<li>Are you sure it exists?</li>\n<li>Does the user <code>%s</code> have permission to use the <code>%s</code> database?</li>\n<li>On some systems the name of your database is prefixed with your username, so it would be like <code>username_%s</code>. Could that be the problem?</li>\n</ul>\n<p>If you don't know how to set up a database you should <strong>contact your host</strong>. If all else fails you may find help at the <a href=\"http://wordpress.org/support/\">WordPress Support Forums</a>.</p>","<h1>데이터베이스를 선택할 수 없습니다.</h1>\n<p>사용자이름과 비밀번호가 맞다면 데이터베이스에 접속할 수 있습니다. 그러나 %s 데이터베이스를 선택할 수 없습니다.</p>\n<ul>\n<li>확실히 존재하나요?</li>\n<li><code>%s</code> 사용자가 <code>%s</code> 데이테베이스를 사용할 권리가 있나요?</li>\n<li>일부 시스템에서는 데이터 베이스 앞에 이름을 붙이는 경우가 있습니다. 이런 경우 실제 데이터베이스 이름은 사용자이름_wordpress입니다. 문제가 있나요?</li>\n</ul>\n<p>데이터베이스를 설정하는 방법을 모르신다면 <strong>관리자와 상담</strong>하십시오 . 모든 방법이 실패한다면 <a href=\"http://wordpress.org/support/\">워드프레스 지원포럼</a>에서 해답을 얻을 수 있습니다.</p>"
"WordPress database error %s for query %s made by %s","%s이(가) 만든 워드프레스 데이터베이스 오류 %s(쿼리 %s)"
"WordPress database error %s for query %s","워드프레스 데이터베이스 오류 %s(쿼리 : %s)"
"\n<h1>Error establishing a database connection</h1>\n<p>This either means that the username and password information in your <code>wp-config.php</code> file is incorrect or we can't contact the database server at <code>%s</code>. This could mean your host's database server is down.</p>\n<ul>\n\t<li>Are you sure you have the correct username and password?</li>\n\t<li>Are you sure that you have typed the correct hostname?</li>\n\t<li>Are you sure that the database server is running?</li>\n</ul>\n<p>If you're unsure what these terms mean you should probably contact your host. If you still need help you can always visit the <a href='http://wordpress.org/support/'>WordPress Support Forums</a>.</p>\n","\n<h1>데이터베이스에 연결하는데 오류가 생겼습니다.</h1>\n<p>이는 <code>wp-config.php</code> 파일에 사용자이름과 암호가 정확하지 않거나 <code>%s</code>의 데이터베이스에 접근할 수 없는 경우 입니다.  이는 호스트의 데이터베이스 서버가 동작하지 않는 것 일 수 있습니다.</p>\n<ul>\n\t<li>사용자이름과 암호가 올바릅니까?</li>\n\t<li>올바른 호스트네임을 입력하였습니까?</li>\n\t<li>데이터베이스 서버가 실행중입니까?</li>\n</ul>\n<p>확실하지 않다면 관리자에게 이를 문의하시십시오. 더 도움이 필요하다면 항상 <a href='http://wordpress.org/support/'>워드프레스 지원 포럼</a>에 오십시오.</p>\n"
"<strong>ERROR</strong>: WordPress %s requires MySQL %s or higher","<strong>에러</strong>: 워드프레스 %s는 MySQL %s 또는 그 이상을 필요로 합니다."
"Links for %s","%s를 위한 링크"
"There doesn't seem to be a <code>wp-config.php</code> file. I need this before we can get started.","<code>wp-config.php</code>파일이 없는 것 같습니다. 시작하기 위해서 이 파일이 필요합니다."
"Need more help? <a href='http://codex.wordpress.org/Editing_wp-config.php'>We got it</a>.","도움이 더 필요하세요? <a href='http://codex.wordpress.org/Editing_wp-config.php'>여기 있습니다.</a>"
"You can create a <code>wp-config.php</code> file through a web interface, but this doesn't work for all server setups. The safest way is to manually create the file.","웹페이지에서 <code>wp-config.php</code>파일을 만들 수 있지만, 모든 서버 설정에서 작동하는 것은 아닙니다. 가장 안전한 방법은 이 파일을 수동으로 만드는 것입니다."
"Create a Configuration File","환경 설정 파일 만들기"
"Are you lost?","잃어버리셨나요?"
"&larr; Back to %s","&larr; %s(으)로 돌아가기"
"<strong>ERROR</strong>: Enter a username or e-mail address.","<strong>오류</strong>: 사용자 이름이나 전자우편 주소를 넣으세요."
"<strong>ERROR</strong>: There is no user registered with that email address.","<strong>오류</strong>: 입력한 전자우편 주소로는 사용자를 찾을 수 없습니다."
"<strong>ERROR</strong>: Invalid username or e-mail.","<strong>오류</strong>:사용자이름이나 전자우편 주소가 올바르지 않습니다."
"Password reset is not allowed for this user","이 사용자는 암호를 재설정할 수 없습니다."
"Someone requested that the password be reset for the following account:","어떤 사람이 다음 계정의 비밀번호의 초기화를 요청했습니다:"
"If this was a mistake, just ignore this email and nothing will happen.","만약 실수라면 이 이메일을 무시하세요. 아무일도 생기지 않습니다."
"To reset your password, visit the following address:","비밀번호를 변경하려면 다음 주소를 방문하십시오:"
"[%s] Password Reset","[%s] 암호 새로 고치기"
"The e-mail could not be sent.","전자우편을 보낼 수 없습니다."
"Possible reason: your host may have disabled the mail() function...","가능성 있는 이유: 서버(host)에서 mail() 함수를 막아놓았을 수 있습니다..."
"Invalid key","잘못된 키"
"<strong>ERROR</strong>: Please enter a username.","<strong>오류</strong>:사용자이름을 적어주세요"
"<strong>ERROR</strong>: This username is invalid because it uses illegal characters. Please enter a valid username.","<strong>에러</strong>: 이 사용자명은 올바르지 않습니다. 올바른 사용자명을 입력하여 주십시오."
"<strong>ERROR</strong>: This username is already registered. Please choose another one.","<strong>에러</strong>: 해당 사용자명은 이미 등록됐습니다. 다른 것으로 선택해주세요."
"<strong>ERROR</strong>: Please type your e-mail address.","<strong>오류</strong>: 전자우편 주소를 넣으세요."
"<strong>ERROR</strong>: The email address isn&#8217;t correct.","<strong>오류</strong>: 전자우편 주소가 올바르지 않습니다."
"<strong>ERROR</strong>: This email is already registered, please choose another one.","<strong>오류</strong>: 이 전자우편 주소는 이미 등록되어 있습니다. 다른 주소를 적어주십시오."
"<strong>ERROR</strong>: Couldn&#8217;t register you... please contact the <a href=\"mailto:%s\">webmaster</a> !","<strong>오류</strong>: 등록할 수 없습니다. <a href=\"mailto:%s\">운영자</a>에게 연락해 보세요!"
"Sorry, that key does not appear to be valid.","죄송합니다. 쓸 수 없는 키(key)입니다."
"Lost Password","암호 분실"
"Please enter your username or email address. You will receive a link to create a new password via email.","사용자명이나 이메일 주소를 입력하세요. 이메일로 새로운 비밀번호 생성 링크를 받을 수 있습니다."
"Username or E-mail:","사용자 이름이나 전자우편 주소:"
"Get New Password","새 암호 얻기"
"The passwords do not match.","비밀번호가 일치하지 않습니다."
"Password Reset","비밀번호 초기화"
"Your password has been reset.","비밀번호가 초기화되었습니다."
"Reset Password","비밀번호 초기화"
"Enter your new password below.","아래에 새 비밀번호를 입력하세요."
"Activation Key Required","인증 키 필수"
"Activation Key:","인증키:"
"Activate","활성화"
"Your account is now active!","계정이 활성화되었습니다!"
"Your account has been activated. You may now <a href=\"%s\">log in</a> to the site using your chosen username of &#8220;%s&#8221;. Please check your email inbox at %s for your password and login instructions. If you do not receive an email, please check your junk or spam folder. If you still do not receive an email within an hour, you can <a href=\"%s\">reset your password</a>.","계정이 활성화되었습니다. 이제 선택한 &#8220;%s&#8221; 사용자명으로 사이트에 <a href=\"%s\">로그인</a>할 수 있습니다. 비밀번호와 로그인안내를 보시려면 %s 에서 이메일을 확인하세요. 이메일을 받지 못한 경우 스팸메일이나 정크메일 폴더를 확인하세요. 한시간이 지나도 이메일을 받지 못하면 <a href=\"%s\">비밀번호 초기화</a>를 할 수 있습니다."
"Your site at <a href=\"%s\">%s</a> is active. You may now log in to your site using your chosen username of &#8220;%s&#8221;. Please check your email inbox at %s for your password and login instructions. If you do not receive an email, please check your junk or spam folder. If you still do not receive an email within an hour, you can <a href=\"%s\">reset your password</a>.","<a href=\"%s\">%s</a> 사이트가 활성화되었습니다. 이제 선택한 &#8220;%s&#8221; 사용자명으로 사이트에 로그인할 수 있습니다. 비밀번호와 로그인안내를 보시려면 %s 에서 이메일을 확인하세요. 이메일을 받지 못한 경우 스팸메일이나 정크메일 폴더를 확인하세요. 한시간이 지나도 이메일을 받지 못하면 <a href=\"%s\">비밀번호 초기화</a>를 할 수 있습니다.\""
"An error occurred during the activation","인증하는 도중 에러가 발생했습니다"
"Username:","사용자명:"
"Password:","암호:"
"Your account is now activated. <a href=\"%s\">View your site</a> or <a href=\"%s\">Log in</a>","계정이 활성화되었습니다. <a href=\"%s\">사이트 보기</a> 또는 <a href=\"%s\">로그인</a>"
"Your account is now activated. <a href=\"%s\">Log in</a> or go back to the <a href=\"%s\">homepage</a>.","계정이 활성화되었습니다. <a href=\"%s\">로그인</a> 또는 <a href=\"%s\">홈페이지</a>로 돌아가기."
"Sorry, comments are closed for this item.","죄송합니다, 이 항목에는 댓글을 달 수 없습니다."
"Sorry, you must be logged in to post a comment.","죄송합니다, 로그인을 해야 댓글을 남길 수 있습니다."
"<strong>ERROR</strong>: please fill the required fields (name, email).","<strong>에러</strong>&nbsp;: 꼭 필요한 항목(이름, 이메일)을 입력해주세요."
"<strong>ERROR</strong>: please enter a valid email address.","<strong>에러</strong>&nbsp;: 올바른 이메일 주소를 입력해주세요."
"<strong>ERROR</strong>: please type a comment.","<strong>에러</strong>&nbsp;: 댓글을 입력해주세요."
"Akismet %s requires WordPress 3.0 or higher.","Akismet %s은 워드프레스 3.0 이나 그 이상을 요구합니다."
"Please <a href=\"%s\">upgrade WordPress</a> to a current version, or <a href=\"%s\">downgrade to version 2.4 of the Akismet plugin</a>.","<a href=\"%s\">워드프레스를 업그레이드</a>하시거나  또는 <a href=\"%s\">Akismet 플러그인 버전을 2.4로 다운그레이드해주십시오</a>."
"Comment History","댓글 히스토리"
"Settings","설정"
"Cheatin&#8217; uh?","누구를 속이시려고?"
"Your key has been cleared.","키가 삭제되었습니다."
"Your key has been verified. Happy blogging!","키가 확인되었습니다. 행복한 블로깅 되십시오."
"The key you entered is invalid. Please double-check it.","키(key)가 잘못된 것 같습니다. 다시 확인해 보세요."
"The key you entered could not be verified because a connection to akismet.com could not be established. Please check your server configuration.","Akismet 서버와 연결할 수 없기 때문에 입력한 키를 확인할 수 없습니다. 서버 설정을 확인하십시오."
"There was a problem connecting to the Akismet server. Please check your server configuration.","Akismet 서버와 연결하는 중에 문제가 생겼습니다. 서버 설정을 확인하십시오."
"Please enter an API key. (<a href=\"%s\" style=\"color:#fff\">Get your key.</a>)","API 키를 입력하십시오. (<a href=\"%s\" style=\"color:#fff\">키 구하기</a>)"
"This key is valid.","이 키는 올바른 키입니다."
"This key is invalid.","이 키는 유효하지 않습니다."
"The key below was previously validated but a connection to akismet.com can not be established at this time. Please check your server configuration.","아래의 키는 이전에 검증되었으나 현재는 akismet.com과 연결이 되지 않습니다. 서버 설정을 확인하십시오."
"Your WordPress home URL %s is invalid.  Please fix the <a href=\"%s\">home option</a>.","워드프레스 메인 URL %s은 잘못되었습니다. <a href=\"%s\">메인 옵션</a>을 수정하세요."
"Options saved.","설정을 저장했습니다."
"Akismet Configuration","Akismet 설정"
"<strong>Sign up success!</strong> Please check your email for your Akismet API Key and enter it below.","<strong>가입 성공!</strong> 이메일에서 Akismet API 키를 확인하시고 아래에 입력하세요."
"For many people, <a href=\"%s\">Akismet</a> will greatly reduce or even completely eliminate the comment and trackback spam you get on your site. If one does happen to get through, simply mark it as \"spam\" on the moderation screen and Akismet will learn from the mistakes. If you don't have an API key yet, you can get one at <a href=\"%s\">Akismet.com</a>.","많은 사람들에게 <a href=\"%s\">Akismet</a>은 사이트에 들어오는 댓글과 트랙백 스팸을 획기적으로 줄여주거나 심지어 완벽하게 제거할 것입니다. 제거되지 않은 스팸은 검토 화면에서 단순히 \"스팸\"으로 표시를 하면 Akismet는 실수를 배울 것입니다. 아직 WordPress.com 계정이 없으시면 <a href=\"%s\">Akismet.com</a>에서 얻을 수 있습니다."
"Akismet API Key","Akismet API 키"
"<a href=\"http://akismet.com/get/?return=true\">What is this?</a>","<a href=\"http://akismet.com/get/?return=true\">이것은 무엇인가요?</a>"
"Why might my key be invalid?","내 키가 왜 올바르지 않은가?"
"This can mean one of two things, either you copied the key wrong or that the plugin is unable to reach the Akismet servers, which is most often caused by an issue with your web host around firewalls or similar.","이는 두 가지 경우중 하나일 것입니다. 첫째는 키를 잘못 복사한 경우, 또는 플러그인이 Akismet서버를 접근할 수 없는 경우입니다. 두번째 경우는 방화벽 뒤에 있는 웹서버나 그와 비슷한 환경에서 자주 발생합니다."
"Auto-delete spam submitted on posts more than a month old.","한 달이 넘은 글의 스팸 댓글은 자동적으로 삭제합니다."
"Show the number of comments you've approved beside each comment author.","각 댓글 작성자 옆에 승인한 댓글의 수를 표시합니다."
"Update options &raquo;","설정 새로 고치기 &raquo;"
"Server Connectivity","서버 연결"
"Network functions are disabled.","네트워크 함수 비활성화됨."
"Your web host or server administrator has disabled PHP's <code>fsockopen</code> or <code>gethostbynamel</code> functions.  <strong>Akismet cannot work correctly until this is fixed.</strong>  Please contact your web host or firewall administrator and give them <a href=\"%s\" target=\"_blank\">this information about Akismet's system requirements</a>.","웹 호스트나 서버 관리자가 PHP의 <code>fsockopen</code> 기능을 비활성화시켜놨습니다.  <strong>이 문제가 해결되기 전에는 Akismet 이 제대로 작동할 수 없습니다.</strong>  웹호스트나 방화벽 관리자에게 연락하여 <a href=\"%s\" target=\"_blank\">Akismet의 시스템 필수항목에 대한 정보를 주십시오</a>."
"Unable to reach some Akismet servers.","몇몇의 Akismet 서버에 접근할 수 없습니다."
"A network problem or firewall is blocking some connections from your web server to Akismet.com.  Akismet is working but this may cause problems during times of network congestion.  Please contact your web host or firewall administrator and give them <a href=\"%s\" target=\"_blank\">this information about Akismet and firewalls</a>.","네트워크 문제나 방화벽으로 인해 웹서버에서 Akismet.com으로 접근하는 몇몇의 연결이 차단되어있습니다.  Akismet은 작동하겠지만 네트워크 혼잡시에 문제를 일으킬 수 있습니다. 웹호스트나 방화벽 관리자에게 연락하여 <a href=\"%s\" target=\"_blank\">Akismet과 방화벽에 관한 이 정보를 전해주십시오</a>."
"Unable to reach any Akismet servers.","모든 Akismet 서버에 접근할 수 없습니다."
"A network problem or firewall is blocking all connections from your web server to Akismet.com.  <strong>Akismet cannot work correctly until this is fixed.</strong>  Please contact your web host or firewall administrator and give them <a href=\"%s\" target=\"_blank\">this information about Akismet and firewalls</a>.","네트워크 문제나 방화벽으로 인해 웹서버에서 Akismet.com으로 접근하는 모든 연결이 차단이 되어있습니다.  <strong>이 문제가 해결되기 전에는 Akismet이 제대로 작동할 수 없습니다.</strong>  웹호스트나 방화벽 관리자에게 연락하여 <a href=\"%s\" target=\"_blank\">Akismet 과 방화벽에 관한 이 정보를 전해주십시오</a>."
"All Akismet servers are available.","모든 Akismet 서버 사용가능."
"Akismet is working correctly.  All servers are accessible.","Akismet은 제대로 작동하고 있습니다. 모든 서버에 접근이 가능합니다."
"Unable to find Akismet servers.","Akismet 서버를 찾을 수 없습니다."
"A DNS problem or firewall is preventing all access from your web server to Akismet.com.  <strong>Akismet cannot work correctly until this is fixed.</strong>  Please contact your web host or firewall administrator and give them <a href=\"%s\" target=\"_blank\">this information about Akismet and firewalls</a>.","DNS 문제나 방화벽이 웹서버가 Akismet.com으로 접속하는 것을 방해하고 있습니다.  <strong>이 문제가 해결되기 전에는 Akismet이 제대로 작동할 수 없습니다.</strong>  웹호스트나 방화벽 관리자에게 연락하여 <a href=\"%s\" target=\"_blank\">Akismet과 방화벽에 관한 이 정보를 전해주십시오</a>."
"Akismet server","Akismet 서버"
"Network Status","네트워크 상태"
"Accessible","접근 가능"
"Re-trying","재입력"
"Last checked %s ago.","%s 전에 마지막 확인함."
"Check network status &raquo;","네트워크 상태 체크 &raquo;"
"<a href=\"%s\" target=\"_blank\">Click here</a> to confirm that <a href=\"%s\" target=\"_blank\">Akismet.com is up</a>.","<a href=\"%s\" target=\"_blank\">Akismet.com</a>확인을 위해 <a href=\"%s\" target=\"_blank\">여기를 클릭하세요</a>."
"Spam","스팸"
"Akismet is almost ready.","Akismet이 거의 준비되었습니다."
"You must <a href=\"%s\">enter your Akismet API key</a> for it to work.","이것을 작동시키기 위해서는 <a href=\"%s\">Akismet API 키</a>를 입력해야 합니다."
"Akismet has detected a problem.","Akismet이 문제를 찾아냄."
"Some comments have not yet been checked for spam by Akismet. They have been temporarily held for moderation. Please check your <a href=\"%s\">Akismet configuration</a> and contact your web host if problems persist.","몇개의 댓글이 아키스밋에 의해 스팸 점검이 아직 안됐습니다. 검토를 위해 잠시 보류중입니다. 문제가 지속되면 <a href=\"%s\">Akismet 환경설정</a>을 점검하고 웹호스트에 연락하세요."
"Awaiting spam check","스팸 점검을 기다리고 있습니다."
"Flagged as spam by Akismet","Akismet으로부터 스팸으로 표시됨"
"Cleared by Akismet","Akismet으로부터 제거됨"
"Flagged as spam by %s","%s로부터 스팸으로 표시됨"
"Un-spammed by %s","%s로부터 스팸아님으로 표시됨"
"View comment history","댓글 히스토리 보기"
"History","히스토리"
"%s ago","%s 전"
"<a href=\"%s\">Akismet</a> blocks spam from getting to your blog.","<a href\"%s\">Akismet</a>가 스팸을 막아줍니다."
"There's nothing in your <a href='%s'>spam queue</a> at the moment.","그러나 현재 <a href='%s'>스팸함</a>에 아무것도 없습니다."
"Check for Spam","스팸큐를 검사"
"%s reported this comment as not spam","%s 이 댓글을 스팸이 아닌 것으로 처리"
"%s reported this comment as spam","%s  이 댓글을 스팸으로 처리"
"%s changed the comment status to %s","%s 댓글 상태를 변경 %s"
"Akismet re-checked and caught this comment as spam","Akismet이 재확인하고 이 댓글을 스팸으로 처리"
"Akismet re-checked and cleared this comment","Akismet은 이 댓글을 재확인했으며 제거했습니다."
"Akismet was unable to re-check this comment (response: %s)","Akismet은 이 댓글을 재확인할 수 없습니다 (응답: %s)"
"Akismet Stats","Akismet 통계"
"Akismet caught this comment as spam","Akismet이 이 댓글을 스팸으로 잡았습니다"
"Comment status was changed to %s","%s로 댓글 상태 변경됨"
"Akismet cleared this comment","Akismet이 이 댓글을 제거했습니다"
"Comment was caught by wp_blacklist_check","wp_blacklist_check으로부터 댓글을 잡았습니다"
"Akismet was unable to check this comment (response: %s), will automatically retry again later.","Akismet은 이 댓글을 확인할 수 없으며(응답: %s), 나중에 자동적으로 재시도를 할 것 입니다."
"Akismet caught this comment as spam during an automatic retry.","Akismet이 자동적으로 재확인하면서 이 댓글을 스팸으로 잡았습니다"
"Akismet cleared this comment during an automatic retry.","Akismet은 이 댓글을 자동 재시도 중에 제거했습니다."
"You do not have sufficient permission to moderate comments.","댓글을 검토할 권한이 없습니다."
"%s comments recovered.","%s 댓글이 복구되었습니다."
"All spam deleted.","모든 스팸이 지워졌습니다."
"Caught Spam","스팸을 잡았습니다"
"Akismet has caught <strong>%s spam</strong> for you since you first installed it.","Akismet이 설치된 이후로 <strong>%s</strong>개를 잡았습니다."
"You have no spam currently in the queue. Must be your lucky day. :)","이곳에 아직 스팸이 없습니다. 행운이 따르는 날입니다. :)"
"You can delete all of the spam from your database with a single click. This operation cannot be undone, so you may wish to check to ensure that no legitimate comments got through first. Spam is automatically deleted after 15 days, so don&#8217;t sweat it.","한 번의 클릭으로 데이터베이스의 모른 스팸을 지울 수 있습니다. 이것은 되돌릴 수 없으므로, 스팸이 아닌 댓글이 있는지 먼저 확인하시기를 권합니다. 스팸은 15일 후 자동으로 지워지므로, 너무 급하게 행동하지 마십시오."
"There are currently %s comments identified as spam.","현재 %s개 댓글이 스팸으로 확인되었습니다."
"Delete all","모두 지우기"
"Search","검색"
"These are the latest comments identified as spam by Akismet. If you see any mistakes, simply mark the comment as \"not spam\" and Akismet will learn from the submission. If you wish to recover a comment from spam, simply select the comment, and click Not Spam. After 15 days we clean out the junk for you.","이것들은 Akismet에 의해 스팸으로 분류된 최근 댓글입니다. 만약 잘못된 것을 발견한다면, 간단히 \"스팸 아님\" 에 표시하면 다음부터는 스팸으로 분류하지 않을 것입니다. 이 댓글이 스팸이 아니라고 표시하려면, 간단히 댓글을 선택하고, 스팸 아님 을 클릭하세요. 15일 후에는 스팸을 자동적으로 비웁니다."
"All","모두"
"Comments","댓글"
"Search Spam &raquo;","스팸 검색 &raquo;"
"&laquo; Previous Page","&laquo; 앞 쪽"
"Next Page &raquo;","뒷 쪽 &raquo;"
"Not Spam","스팸 아님"
"View Post","글 보기"
"De-spam marked comments &raquo;","스팸 댓글표시 지우기 &raquo;"
"Comments you de-spam will be submitted to Akismet as mistakes so it can learn and get better.","스팸 댓글이 아니라고 입력한 댓글은 Akismet이 실수라고 전송할 것이고 Akismet이 배우고 더 좋아질 것 입니다."
"Recheck Queue for Spam","스팸큐를 다시 검사"
"Akismet Widget","아키스밋 위젯"
"Display the number of spam comments Akismet has caught","아키스밋이 잡아낸 스팸 댓글의 갯수를 표시합니다."
"Spam Blocked","스팸 차단됨"
"Title:","제목:"
"About WordPress","워드프레스에 관해서"
"Documentation","문서"
"Support Forums","지원 포럼"
"Feedback","피드백"
"Howdy, %s","안녕하세요, %s님"
"My Account","나의 계정"
"Edit My Profile","내 프로필 편집"
"Log Out","로그아웃"
"Network Admin: %s","네트워크 관리자 : %s"
"Global Dashboard: %s","전체 대시보드 : %s"
"Visit Site","사이트 보기"
"Edit Site","사이트 편집"
"Dashboard","알림판"
"My Sites","내 사이트"
"Network Admin","네트워크 관리자"
"Sites","사이트"
"Users","사용자"
"Visit Network","네트워크 방문"
"New Post","새 글"
"Manage Comments","댓글 관리"
"Shortlink","짧은링크"
"User","사용자"
"Themes","테마"
"Customize","사용자 정의하기"
"Widgets","위젯"
"Menus","메뉴"
"Background","배경"
"Header","헤더"
"XML error: %s at line %d","XML 오류: %s( %d줄에서)"
"Use <code>get_the_author()</code> instead if you do not want the value echoed.","만약 값이 반복되길 원치 않는다면 get_the_author() 를 사용하세요."
"Visit %s&#8217;s website","%s&#8217;s 웹사이트 방문"
"Posts by %s","%s 작성"
"Last updated: %s","최근 업데이트: %s"
"Bookmarks","북마크"
"Use <code>WP_User->ID</code> instead.","대신<code>WP_User->ID</code>를 사용하세요."
"Usage of user levels by plugins and themes is deprecated. Use roles and capabilities instead.","플러그인으로부터의 사용자 레벨의 사용과 테마는 사용중지되었습니다. 역할 및 기능을 대신 사용하세요."
"View all posts in %s","%s의 글 모두 보기"
"Uncategorized","미분류"
"No categories","카테고리 없음"
"View all posts filed under %s","%s에 속한 글 모두 보기"
"Feed for all posts filed under %s","%s에 속한 글의 피드"
"Tags:","태그:"
"A valid URL was not provided.","유효한 URL이 제공되지 않았습니다."
"User has blocked requests through HTTP.","사용자가 HTTP를 통해 요청이 차단되었습니다."
"Destination directory for file streaming does not exist or is not writable.","파일 스트리밍을 위한 대상 디렉터리가 존재하지 않거나 쓰기 가능하지 않습니다."
"There are no HTTP transports available which can complete the requested request.","사용가능한 HTTP 전송이 없어서 요청한 요구를 완료할 수 없습니다."
"Could not open handle for fopen() to %s","%s를 위한 fopen 핸들을 열 수 없습니다."
"Too many redirects.","전환요청이 너무 많음."
"Malformed URL: %s","잘못된 URL: %s"
"No server specified","서버가 선택되지 않음"
"no login ID submitted","로그인 ID가 없습니다."
"connection not established","연결이 되지 않았습니다."
"No password submitted","암호가 필요합니다."
"Authentication failed","인증 실패"
"No connection to server","서버와 연결없음"
"No login ID submitted","로그인 ID가 없습니다."
"No server banner","서버배너가 없습니다."
"abort","취소"
"apop authentication failed","APOP 인증실패"
"Premature end of list","예기치않은 끝부분 발견"
"Empty command string","명령문자열 없음"
"connection does not exist","연결이 없습니다."
"No msg number submitted","메시지 번호가 없습니다."
"Command failed","명령 실패"
"The menu ID should not be empty.","메뉴 아이디는 비워둘 수 없습니다."
"Skip to toolbar","툴바로 바로가기"
"Top navigation toolbar.","상단 내비게이션 툴바"
"&mdash; Select &mdash;","&mdash; 선택하기 &mdash;"
"Default","기본"
"Hex Value","16진수"
"Upload","업로드"
"Remove","삭제"
"No Image","이미지 없음"
"Upload New","새 업로드"
"Uploaded","업로드 됨"
"Remove Image","이미지 삭제"
"The web browser on your device cannot be used to upload files. You may be able to use the <a href=\"http://wordpress.org/extend/mobile/\">native app for your device</a> instead.","사용중인 기기의 웹브라우저는 파일 업로드에 사용될 수 없습니다. 대신에 <a href=\"http://wordpress.org/extend/mobile/\">사용자 기기용 네이티브 앱</a>을 사용할 수 있습니다."
"Drop a file here or <a href=\"#\" class=\"upload\">select a file</a>.","여기에 파일을 끌어오기 하거나 또는 <a href=\"#\" class=\"upload\">파일 선택하기</a>."
"Select File","파일 선택"
"Background Image","배경 이미지"
"Header Image","헤더 이미지"
"Random Default Image","임시 기본 이미지"
"Random Uploaded Image","임시 업로드 이미지"
"Site Title & Tagline","사이트 제목과 태그라인"
"Site Title","사이트 제목"
"Tagline","태그라인"
"Colors","색상"
"Display Header Text","헤더 글자 표시"
"Header Text Color","헤더 글 색상"
"Background Color","배경 색상"
"Background Repeat","배경 반복"
"No Repeat","반복 안 함"
"Tile","반복"
"Tile Horizontally","수평 반복"
"Tile Vertically","수직 반복"
"Background Position","배경 포지션"
"Left","왼쪽"
"Center","중앙"
"Right","오른쪽"
"Background Attachment","배경 첨부"
"Fixed","고정"
"Scroll","스크롤"
"Navigation","내비게이션"
"You can edit your menu content on the Menus screen in the Appearance section.","외모 섹션의 메뉴 화면에서 메뉴 컨텐츠를 편집할 수 있습니다."
"Static Front Page","정적인 전면 페이지"
"Your theme supports a static front page.","테마는 정적인 전면 페이지를 지원합니다."
"Front page displays","전면 페이지 표시"
"Your latest posts","최근 글"
"A static page","정적인 페이지"
"Front page","전면 페이지"
"Posts page","글 페이지"
"Text","텍스트"
"Visual","비주얼"
"Update","업데이트"
"Save","저장하기"
"Exit fullscreen","전체화면 나가기"
"Bold (Ctrl + B)","굵게 (Ctrl + B)"
"Italic (Ctrl + I)","이탤릭 (Ctrl + I)"
"Unordered list (Alt + Shift + U)","순서없는 목록 (Alt + Shift + U)"
"Ordered list (Alt + Shift + O)","순서있는 목록 (Alt + Shift + O)"
"Blockquote (Alt + Shift + Q)","인용 (Alt + Shift + Q)"
"Insert/edit image (Alt + Shift + M)","이미지 삽입/편집 (Alt + Shift + M)"
"Insert/edit link (Alt + Shift + A)","링크 삽입/편집(Alt + Shift + A)"
"Unlink (Alt + Shift + S)","링크해제 (Alt + Shift + S)"
"Help (Alt + Shift + H)","도움말 (Alt + Shift + H)"
"Updated.","업데이트됨"
"Saved.","저장함"
"Enter title here","제목을 여기에 입력하세요"
"Word count: %s","단어 수: %s"
"Just write.","그냥 쓰기"
"Y/m/d","Y-m-d"
"Enter the destination URL","대상 URL을 입력하세요"
"Title","제목"
"Open link in a new window/tab","새 창/탭에 링크 열기"
"Or link to existing content","또는 기존의 컨텐츠에 링크하기"
"No search term specified. Showing recent items.","지정된 용어를 찾을 수 없습니다. 최근의 아이템을 보여줍니다."
"Add Link","링크 추가"
"Cancel","취소"
"File doesn&#8217;t exist?","파일이 없는가요?"
"File is not an image.","파일이 이미지가 아닙니다."
"Could not read image size.","이미지 사이즈를 읽을 수 없습니다."
"Image resize failed.","이미지 리사이즈가 실패했습니다."
"Could not calculate resized image dimensions","조정된 이미지 크기를 계산할 수 없습니다."
"Image crop failed.","이미지 자르기가 실패했습니다."
"Image rotate failed.","이미지 회전이 실패했습니다."
"Image flip failed.","이미지 뒤집기가 실패했습니다."
"Image Editor Save Failed","이미지 편집기의 저장이 실패했습니다"
"Could not read image size","이미지 크기를 읽을 수 없음"
"The theme directory does not exist.","테마 디렉토리가 존재하지 않습니다."
"Stylesheet is missing.","스타일시트를 찾을 수 없습니다."
"ERROR: The themes directory is either empty or doesn&#8217;t exist. Please check your installation.","에러: 테마 디렉토리가 비어있거나 존재하지 않습니다. 설치를 점검하세요."
"Stylesheet is not readable.","스타일시트를 읽을 수 없습니다."
"Template is missing.","템플릿을 찾을 수 없습니다."
"The parent theme is missing. Please install the \"%s\" parent theme.","상위 테마가 없습니다. \"%s\" 상위 테마를 설치하세요."
"The \"%s\" theme is not a valid parent theme.","\"%s\" 테마는 유효한 부모 테마가 아닙니다."
"Visit author homepage","저자 홈페이지 가기"
"Anonymous","익명"
",",", "
"XML-RPC services are disabled on this site.","XML-RPC 서비스는 이 사이트에서 가능하지 않습니다."
"Incorrect username or password.","잘못된 사용자명이거나 비밀번호입니다."
"Software Name","소프트웨어 이름"
"Software Version","소프트웨어 버전"
"Site URL","사이트 URL"
"Home URL","홈 URL"
"Image default link type","이미지 기본 링크 타입"
"Image default size","사진 기본 크기"
"Image default align","사진 기본 정렬"
"Template","템플릿"
"Stylesheet","스타일시트"
"Post Thumbnail","글 썸네일"
"Time Zone","시간대"
"Site Tagline","사이트 태그라인"
"Date Format","날짜 표시 형식:"
"Time Format","시간 표시 형식"
"Allow new users to sign up","새로운 사용자 등록 허용"
"Thumbnail Width","섬네일 폭"
"Thumbnail Height","섬네일 높이"
"Crop thumbnail to exact dimensions","썸네일을 정확한 크기로 잘라냅니다."
"Medium size image width","중간 크기의 이미지 폭"
"Medium size image height","중간 크기의 이미지 높이"
"Large size image width","최대 크기의 이미지 폭"
"Large size image height","최대 크기의 이미지 높이"
"Allow people to post comments on new articles","댓글을 쓸 수 있게 합니다."
"Allow link notifications from other blogs (pingbacks and trackbacks)","다른 블로그가 링크 사실을 알리는 것(핑백과 트랙백)을 받아들입니다."
"Insufficient arguments passed to this XML-RPC method.","XML-RPC 메써드에 pass될 argument가 충분하지 않습니다."
"Invalid post type","유효하지 않은 글 타입"
"Invalid post ID.","잘못된 글 ID."
"Sorry, you are not allowed to edit this post.","죄송합니다, 수정 권한이 없습니다."
"The post type may not be changed.","글 타입은 변경할 수 없습니다."
"Sorry, you are not allowed to post on this site.","죄송합니다. 이 사이트에서 글을 작성할 수 없습니다."
"Sorry, you are not allowed to create private posts in this post type","죄송합니다. 이 글 타입으로 개인 글을 작성할 권한이 없습니다."
"Sorry, you are not allowed to publish posts in this post type","죄송합니다. 이 글 타입으로 글 발행 권한이 없습니다."
"Sorry, you are not allowed to create password protected posts in this post type","죄송합니다. 이 글 타입으로 비밀번호 보호된 글을 만들 수 없습니다."
"You are not allowed to create posts as this user.","이 사용자로 글을 작성할 권한이 없습니다."
"Invalid author ID.","유효하지 않은 글작성자 아이디"
"Sorry, you cannot stick a private post.","죄송합니다. 개인적인 글을 붙박이 글로 할 수 없습니다."
"Sorry, you are not allowed to stick this post.","죄송합니다. 이 글을 붙박이 글로 만들 권한이 없습니다."
"Invalid attachment ID.","잘못된 첨부 ID."
"Sorry, one of the given taxonomies is not supported by the post type.","죄송합니다. 주어진 택소노리중 하나가 글 타입에서 지원되지 않습니다."
"Sorry, you are not allowed to assign a term to one of the given taxonomies.","죄송합니다. 주어진 택소노미중 용어를 배정할 권한이 없습니다."
"Invalid term ID","잘못된 용어 ID"
"Ambiguous term name used in a hierarchical taxonomy. Please use term ID instead.","계층구조 택소노미에 사용된 애매한 용어 이름입니다. 대신 용어 아이디를 사용하세요."
"Sorry, you are not allowed to add a term to one of the given taxonomies.","죄송합니다. 주어진 택소노미 중 용어를 추가할 권한이 없습니다."
"Sorry, your entry could not be posted. Something wrong happened.","죄송합니다. 글이 게시되지 않았습니다. 뭔가 문제가 발생했습니다."
"There is a revision of this post that is more recent.","최근의 글 버전이 있습니다."
"Sorry, you are not allowed to delete this post.","죄송합니다. 이 글을 삭제할 권한이 없습니다."
"The post cannot be deleted.","글은 삭제할 수 없습니다."
"Sorry, you cannot edit this post.","죄송합니다. 이 글을 편집할 수 없습니다."
"The post type specified is not valid","지정된 글 타입은 유효하지 않습니다."
"Sorry, you are not allowed to edit posts in this post type","죄송합니다. 이 글 타입으로 글을 편집할 권한이 없습니다."
"Invalid taxonomy","잘못된 용어"
"You are not allowed to create terms in this taxonomy.","이 택소노미의 용어를 만들 권한이 없습니다."
"The term name cannot be empty.","용어 이름은 필수입니다."
"This taxonomy is not hierarchical.","이 택소노미는 계층구조가 아닙니다."
"Parent term does not exist.","상위 용어가 존재하지 않습니다."
"Sorry, your term could not be created. Something wrong happened.","죄송합니다. 용어는 만들 수 없습니다. 오류가 발생했습니다."
"You are not allowed to edit terms in this taxonomy.","이 택소노미의 용어를 편집할 권한이 없습니다."
"This taxonomy is not hierarchical so you can't set a parent.","이 택소노미는 계층구조가 아니라서 상위를 설정할 수 없습니다."
"Sorry, editing the term failed.","죄송합니다. 용어 편집이 실패했습니다."
"You are not allowed to delete terms in this taxonomy.","이 택소노미의 용어 삭제 권한이 없습니다."
"Sorry, deleting the term failed.","죄송합니다. 용어 삭제가 실패했습니다."
"You are not allowed to assign terms in this taxonomy.","이 택소노미의 용어 배정 권한이 없습니다."
"Sorry, you cannot edit users.","죄송합니다. 사용자를 편집할 수 없습니다."
"Invalid user ID","유효하지 않은 사용자 ID"
"Sorry, you cannot list users.","죄송합니다. 사용자 목록을 만들 수 없습니다."
"The role specified is not valid","지정된 역할은 유효하지 않습니다."
"Sorry, you cannot edit your profile.","죄송합니다. 프로필을 편집할 수 없습니다."
"Sorry, the user cannot be updated.","죄송합니다. 해당 사용자를 업데이트 할 수 없습니다."
"Sorry, you cannot edit this page.","죄송합니다. 이 페이지를 편집할 수 없습니다."
"Sorry, no such page.","죄송합니다, 그런 페이지가 없습니다."
"Sorry, you cannot edit pages.","죄송합니다. 페이지를 편집할 수 없습니다."
"Sorry, you do not have the right to delete this page.","죄송합니다, 이 페이지를 지울 권한이 없습니다."
"Failed to delete the page.","페이지를 지울 수 없습니다."
"Sorry, you do not have the right to edit this page.","이 페이지를 고칠 권한이 없습니다."
"Sorry, you cannot edit posts on this site.","죄송합니다. 이 사이트에서 글을 편집할 수 없습니다."
"Sorry, you must be able to edit posts on this site in order to view tags.","죄송합니다. 태그를 보기 위해서는 이 사이트에서 글을 편집할 수 있어야 됩니다."
"Sorry, you do not have the right to add a category.","죄송합니다. 카테고리를 추가할 권한이 없습니다."
"Sorry, the new category failed.","죄송합니다. 새 카테고리를 만들 수 없습니다."
"Sorry, you do not have the right to delete a category.","죄송합니다. 카테고리를 지울 권한이 없습니다."
"Sorry, you must be able to edit posts to this site in order to view categories.","죄송합니다. 카테고리를 보기 위해서는 이 사이트의 글을 편집할 수 있어야 됩니다."
"You are not allowed to moderate comments on this site.","이 사이트의 댓글을 검토할 수 없습니다."
"Invalid comment ID.","잘못된 댓글 ID."
"Sorry, you cannot edit comments.","죄송합니다. 댓글을 편집할 수 없습니다."
"Invalid comment status.","잘못된 댓글 상태."
"Sorry, the comment could not be edited. Something wrong happened.","죄송합니다. 댓글을 편집할 수 없습니다. 뭔가 잘못되었습니다."
"You must be registered to comment","댓글을 남기려면 등록해야 합니다."
"Comment author name and email are required","댓글 글쓴이 이름과 이메일은 필수입니다"
"A valid email address is required","올바른 전자우편 주소는 필수입니다."
"You are not allowed access to details about this site.","이 사이트의 세부사항을 볼 수 없습니다."
"You are not allowed access to details about comments.","댓글에 대한 세부 사항을 볼 수 없습니다."
"You are not allowed to update options.","옵션을 수정할 수 없습니다."
"You do not have permission to upload files.","파일을 업로드할 권한이 없습니다."
"Sorry, you are not allowed to edit this post type.","죄송합니다. 이 글 타입 편집 권한이 없습니다."
"Invalid post ID","유효하지 않는 글 ID"
"Sorry, you are not allowed to edit posts.","죄송합니다. 글 편집이 허용되지 않습니다."
"Sorry, revisions are disabled.","죄송합니다. 리비전은 가능하지 않습니다."
"Sorry, you do not have access to user data on this site.","죄송합니다. 이 사이트의 사용자 데이터에 접근할 수 없습니다."
"Either there are no posts, or something went wrong.","글이 없거나 문제가 발생했습니다."
"Sorry, that file cannot be edited.","죄송합니다. 해당 파일은 편집할 수 없습니다."
"Sorry, no such post.","죄송합니다. 그런 글이 없습니다."
"Sorry, you do not have the right to edit this post.","이 글을 고칠 권한이 없습니다."
"Sorry, you do not have the right to publish this post.","이 글을 제출할 권한이 없습니다."
"For some strange yet very annoying reason, this post could not be edited.","약간 이상하고 성가신 이유로, 이 글은 편집할 수 없습니다."
"Sorry, you do not have the right to delete this post.","이 글을 지울 권한이 없습니다."
"For some strange yet very annoying reason, this post could not be deleted.","약간 이상하고 성가신 이유로, 이 글은 삭제될 수 없습니다."
"Sorry, you are not allowed to publish pages on this site.","죄송합니다. 이 사이트에서 페이지를 출판할 수 없습니다."
"Sorry, you are not allowed to publish posts on this site.","죄송합니다. 이 사이트에서 글을 출판할 수 없습니다."
"Invalid post format","잘못된 글 형식"
"You are not allowed to create pages as this user.","해당 사용자로 페이지 생성이 허용되지 않습니다."
"You are not allowed to change the post author as this user.","이 사용자를 글을 쓸 수 있는 저자로 변경할 수 없습니다."
"You are not allowed to change the page author as this user.","이 사용자를 페이지를 쓸 수 있는 저자로 변경할 수 없습니다."
"Sorry, you do not have the right to publish this page.","이 페이지를 출판할 권한이 없습니다."
"Sorry, your entry could not be edited. Something wrong happened.","글을 편집할 수 없습니다. 뭔가 잘못된 일이 생겼습니다."
"Sorry, you must be able to edit posts on this site in order to view categories.","죄송합니다. 카테고리를 보기 위해서는 이 사이트에서 글을 편집할 수 있어야합니다."
"Could not write file %s (%s)","%s 파일을 저장할 수 없습니다.(%s)"
"Sorry, you can not edit this post.","죄송합니다, 이 글을 수정할 수 없습니다."
"Sorry, you cannot publish this post.","죄송합니다. 이 글을 출판할 수 없습니다."
"Is there no link to us?","링크가 없습니까?"
"The specified target URL cannot be used as a target. It either doesn&#8217;t exist, or it is not a pingback-enabled resource.","선택한 타겟 URL은 타겟으로 사용할 수 없습니다. 존재하지 않거나 핑백이 허용된 리소스가 아닙니다."
"The source URL and the target URL cannot both point to the same resource.","소스 URL과 target URL이 같은 리소스를 둘 다 가리킬 수 없습니다."
"The pingback has already been registered.","핑백 주소가 이미 등록되어 있습니다."
"The source URL does not exist.","소스 URL이 존재하지 않습니다."
"We cannot find a title on that page.","그 페이지의 제목을 찾을 수 없습니다."
"The source URL does not contain a link to the target URL, and so cannot be used as a source.","소스 URL은 target URL의 링크를 포함하고 있지 않습니다. 그래서 소스로 사용할 수 없습니다."
"Pingback from %s to %s registered. Keep the web talking! :-)","%s에서 %s(으)로 보내는 핑백이 등록되었습니다. Keep the web talking! :-)"
"The specified target URL does not exist.","요청한 target URL이 존재하지 않습니다."
"%s Comments","댓글 %s개"
"No Comments","댓글 없음"
"1 Comment","댓글 한 개"
"Comment","댓글"
"Trackback","트랙백"
"Pingback","핑백"
"Use <code>get_trackback_url()</code> instead if you do not want the value echoed.","만약 값이 반복되길 원치 않는다면 get_trackback_url() 을 사용하세요."
"Comments Off","댓글 끄기"
"Enter your password to view comments.","댓글을 보려면 암호를 입력하십시오."
"Comment on %s","%s의 댓글"
"Reply","응답"
"Log in to Reply","댓글을 달기 위해 로그인"
"Leave a Comment","댓글 남기기"
"Log in to leave a Comment","댓글 남기기 위해 로그인하기"
"Click here to cancel reply.","댓글을 취소하려면 여기를 누르십시오."
"Leave a Reply","댓글 남기기"
"Leave a Reply to %s","%s 에 응답 남기기"
"<cite class=\"fn\">%s</cite> <span class=\"says\">says:</span>","<cite class=\"fn\">%s</cite>가 <span class=\"says\">말하길</span>"
"Your comment is awaiting moderation.","입력하신 댓글은 검토를 기다리고 있습니다."
"%s at %s","%s %s"
"(Edit)","(편집)"
"Email","이메일"
"Website","웹사이트"
"Required fields are marked %s","필수 입력창은 %s 로 표시되어 있습니다."
"You must be <a href=\"%s\">logged in</a> to post a comment.","죄송합니다,<a href=\"%s\">로그인</a>을 해야 댓글을 남길 수 있습니다."
"Logged in as <a href=\"%s\">%s</a>. <a href=\"%s\" title=\"Log out of this account\">Log out?</a>","<a href=\"%s\">%s</a>님으로 로그인함. <a href=\"%s\" title=\"Log out of this account\">로그아웃?</a>"
"Your email address will not be published.","이메일은 공개되지 않습니다."
"You may use these <abbr title=\"HyperText Markup Language\">HTML</abbr> tags and attributes: %s","다음의 <abbr title=\"HyperText Markup Language\">HTML</abbr> 태그와 속성을 사용할 수 있습니다: %s"
"Cancel reply","응답 취소"
"Post Comment","댓글 달기"
"Unapproved","받아들이지 않기"
"Approved","승인됨"
"Duplicate comment detected; it looks as though you&#8217;ve already said that!","중복된 댓글이 발견되었습니다; 이미 댓글을 다신 것 같습니다!"
"You are posting comments too quickly. Slow down.","댓글을 너무 빨리 달고 있습니다. 천천히 하세요."
"Could not update comment status","댓글 상태를 업데이트할 수 없습니다."
"This argument has changed to an array to match the behavior of the other cron functions.","이 인수는 배열에 따른 다른 크론 기능의 동작과 일치하도록 변경되었습니다."
"Once Hourly","매 시간"
"Twice Daily","일일 2회"
"Once Daily","하루하루"
"Your site&#8217;s WordPress Pages","사이트의 워드프레스 페이지"
"Sort by:","정렬 :"
"Page title","페이지 제목"
"Page order","페이지 순서"
"Page ID","페이지 ID"
"Exclude:","제외:"
"Page IDs, separated by commas.","콤마(,)로 분리된 페이지 ID들."
"Your blogroll","블로그롤"
"Links","링크"
"Select Link Category:","링크 카테고리를 선택하세요:"
"All Links","모든 링크"
"Link title","링크 제목"
"Link rating","링크 평가"
"Link ID","링크 아이디"
"Random","랜덤"
"Show Link Image","링크 이미지 보기"
"Show Link Name","링크 이름 보기"
"Show Link Description","링크 설명 보기"
"Show Link Rating","링크 별점 보기"
"Number of links to show:","보여줄 링크의 수:"
"A search form for your site","사이트 검색폼"
"A monthly archive of your site&#8217;s posts","블로그 글의 월별 보관물"
"Archives","글 보관함"
"Select Month","월 선택"
"Display as dropdown","드랍다운 방식으로 보여주기"
"Show post counts","보여줄 글 수"
"Log in/out, admin, feed and WordPress links","로그인, 관리, 피드및 워드프레스 링크"
"Meta","그 밖의 기능"
"Syndicate this site using RSS 2.0","RSS 2.0을 사용하여 이 사이트 동기화하기"
"Entries <abbr title=\"Really Simple Syndication\">RSS</abbr>","글 <abbr title=\"Really Simple Syndication\">RSS</abbr>"
"The latest comments to all posts in RSS","블로그 전체의 최근 댓글을 담은 RSS"
"Comments <abbr title=\"Really Simple Syndication\">RSS</abbr>","댓글 <abbr title=\"Really Simple Syndication\">RSS</abbr>"
"Powered by WordPress, state-of-the-art semantic personal publishing platform.","이 블로그는 가장 앞선 개인 출판 도구, 워드프레스로 운영합니다."
"A calendar of your site&#8217;s posts","사이트 글의 달력"
"Calendar","달력"
"Arbitrary text or HTML","텍스트 또는 HTML"
"Automatically add paragraphs","단락을 자동으로 추가합니다."
"A list or dropdown of categories","카테고리의 목록이나 드롭다운 박스"
"Select Category","카테고리 선택"
"Show hierarchy","계층도 보여주기"
"The most recent posts on your site","사이트의 최근 글"
"Recent Posts","최근 글"
"Number of posts to show:","보여줄 글의 수:"
"Display post date?","글 작성일자를 표시할까요?"
"The most recent comments","최근 댓글"
"Recent Comments","최근 댓글"
"%s on %s","%s (%s)"
"Number of comments to show:","보여줄 댓글의 수:"
"Entries from any RSS or Atom feed","RSS나 ATOM 피드에서 글 가져오기"
"Unknown Feed","알 수 없는 피드"
"Syndicate this content","이 내용 동기화하기"
"<strong>RSS Error</strong>: %s","<strong>RSS 에러:</strong> %s"
"An error has occurred, which probably means the feed is down. Try again later.","오류가 발생했습니다. 아마도 피드가 다운된 것 같습니다. 잠시후에 다시 시도하십시오."
"Untitled","제목없음"
"RSS Error: %s","RSS 에러: %s"
"Enter the RSS feed URL here:","RSS 피드의 URL을 넣어주십시오:"
"Give the feed a title (optional):","피드의 제목을 넣어주십시오 (생략가능):"
"How many items would you like to display?","얼마나 많은 내용을 표시하시겠습니까?"
"Display item content?","항목 내용을 표시합니까?"
"Display item author if available?","가능하다면 제작자를 표시합니까?"
"Display item date?","날자를 표시합니까?"
"Your most used tags in cloud format","구름 형태로 구성한 가장 많이 사용하는 태그"
"Tag Cloud","태그 구름"
"Taxonomy:","분류:"
"Use this widget to add one of your custom menus as a widget.","이 위젯을 사용해서 사용자 정의 메뉴중 하나를 위젯으로 추가합니다."
"Custom Menu","사용자 정의 메뉴"
"No menus have been created yet. <a href=\"%s\">Create some</a>.","아직 메뉴가 생성되지 않았습니다. <a href=\"%s\">생성하세요</a>"
"Select Menu:","메뉴 선택:"
"new WordPress Loop","새 워드프레스 루프"
"None","없음"
"Last updated","최근 업데이트일"
"Missing Attachment","첨부 없음"
"First Post","첫번째 글"
"Last Post","마지막 글"
"Are you sure you want to do this?","이 작업을 수행하시겠습니까?"
"File &#8220;%s&#8221; doesn&#8217;t exist?","파일 &#8220;%s&#8221; 가 없습니까?"
"The GD image library is not installed.","GD 이미지 라이브러리가 설치되지 않았습니다."
"File &#8220;%s&#8221; is not an image.","파일 8220;%s&#8221; 은(는) 이미지가 아닙니다."
"Comments on %s","%s에 댓글"
"Comments for %s searching on %s","%s을(를) 위한 댓글(검색어 : %s)"
"Comments for %s","%s를 위한 댓글"
"Comment on %s by %s","%s가 쓴 %s의 댓글"
"By: %s","%s가 만듬"
"Comments on: %s","댓글 : %s"
"Protected Comments: Please enter your password to view comments.","보호된 댓글: 댓글을 보기 위해서 암호를 입력해야 합니다."
"words","단어들"
"The email address entered did not appear to be a valid email address. Please enter a valid email address.","입력하신 이메일은 유효한 이메일이 아닙니다. 유효한 이메일을 입력하세요."
"The WordPress address you entered did not appear to be a valid URL. Please enter a valid URL.","입력하신 워드프레스 주소는 유효한 URL이 아닙니다. 유효한 URL을 입력하세요."
"The Site address you entered did not appear to be a valid URL. Please enter a valid URL.","입력하신 사이트 주소는 유효한 URL이 아닙니다. 유효한 URL을 입력하세요."
"The timezone you have entered is not valid. Please select a valid timezone.","입력한 시간대가 잘못된 것 같습니다. 유효한 시간대를 선택해주세요."
", and",", 그리고 "
"and","그리고"
"ERROR: %s is not a valid feed template.","에러: %s는 올바른 피드 템플릿이 아닙니다."
"One or more database tables are unavailable. The database may need to be <a href=\"%s\">repaired</a>.","하나 이상의 데이터베이스 테이블이 불가능합니다. 데이터베이스는 <a href=\"%s\">수리</a>가 필요할 수도 있습니다."
"Unable to create directory %s. Is its parent directory writable by the server?","디렉토리 %s를 만들 수 없습니다. 서버에서 부모 디렉토리에 쓰기가 가능합니까?"
"Empty filename","파일 이름이 비어 있습니다."
"Invalid file type","잘못된 파일 형식"
"Could not write file %s","%s 파일을 저장할 수 없습니다."
"WordPress Failure Notice","워드프레스 실패 알림"
"You are attempting to log out of %s","%s에서 로그아웃 하려고 합니다."
"Do you really want to <a href='%s'>log out</a>?","<a href='%s'>로그아웃</a>하시겠습니까?"
"Please try again.","재시도 하십시오."
"&laquo; Back","&laquo; 뒤로"
"WordPress &rsaquo; Error","워드프레스 &rsaquo; 오류"
"Database Error","데이터베이스 에러"
"Error establishing a database connection","데이터베이스 연결중 에러"
"%s is <strong>deprecated</strong> since version %s! Use %s instead.","%s는 버전 %s부터 <strong>사용 중단</strong>되었습니다! 대신 %s를 사용하십시오."
"%s is <strong>deprecated</strong> since version %s with no alternative available.","%s는 버전 %s때부터 대체할 내용이 없이 <strong>사용중단</strong>되었습니다."
"%s was called with an argument that is <strong>deprecated</strong> since version %s! %s","%s는 버전 %s부터 <strong>사용중단</strong>되었습니다! %s"
"%s was called with an argument that is <strong>deprecated</strong> since version %s with no alternative available.","%s는 버전 %s때부터 대체할 내용이 없이 <strong>사용중단</strong>되었습니다."
"(This message was added in version %s.)","(이 메세지는 버전 %s에서 추가되었습니다.)"
"Please see <a href=\"http://codex.wordpress.org/Debugging_in_WordPress\">Debugging in WordPress</a> for more information.","추가 정보는 <a href=\"http://codex.wordpress.org/Debugging_in_WordPress\">워드프레스 디버깅(영문)</a>을 참고하세요."
"%s was called <strong>incorrectly</strong>. %s %s","%s 은 <strong>잘못불렀습니다</strong>. %s %s"
"Select a city","도시 선택"
"Manual Offsets","메뉴얼 오프셋"
"Scripts and styles should not be registered or enqueued until the %s, %s, or %s hooks.","%s, %s 또는 %s이(가) hook되기 전에는 스크립트와 스타일이 등록되거나 활성화 되면 안됩니다."
"Search for:","검색:"
"Log in","로그인"
"Log out","로그아웃"
"Username","사용자명"
"Password","암호"
"Remember Me","기억하기"
"Log In","로그인"
"Register","등록하기"
"Site Admin","사이트 관리"
"The <code>%s</code> option is deprecated for the family of <code>bloginfo()</code> functions.","<code>%s</code> 옵션은 <code>bloginfo()</code>기능의 조직을 위해 사용중지되었습니다."
"Use the <code>%s</code> option instead.","대신 <code>%s</code> 옵션을 사용하세요."
"Search Results %s %s","검색 결과 %s %s"
"Page not found","페이지가 없습니다."
"%s %s2$d","%s2$d년 %s"
"View posts for %s %s","%s년 %s의 글 보기"
"%s %s Feed","%s %s 피드"
"%s %s Comments Feed","%s %s 댓글 피드"
"%s %s %s Comments Feed","%s %s %s 댓글 피드"
"%s %s %s Category Feed","%s %s %s 카테고리 피드"
"%s %s %s Tag Feed","%s %s %s 태그 피드"
"%s %s Posts by %s Feed","%s 피드의 %s %s 글"
"%s %s Search Results for &#8220;%s&#8221; Feed","&#8220;%s&#8221; 의 검색 결과 %s %s 피드"
"%s %s %s Feed","%s %s %s 피드"
"&laquo; Previous","&laquo; 이전"
"Next &raquo;","다음 &raquo;"
"Blue","파랑"
"Gray","회색"
"Do you want to use the WYSIWYG mode for this textarea?","이 택스트상자에 WYSIWYG모드를 사용하시겠습니까?"
"Apply","적용"
"Insert","삽입"
"Close","닫기"
"Browse","찾아보기"
"Class","클래스"
"-- Not set --","-- 설정안됨 --"
"Copy/Cut/Paste is not available in Mozilla and Firefox.","복사/잘라내기/붙여 넣기 는 모질라와 불여우에서 사용할 수 없습니다."
"Currently not supported by your browser, use keyboard shortcuts instead.","현재 브라우저에서 지원하지 않습니다, 키보드 바로 가기를 대신 사용하십시오."
"Sorry, but we have noticed that your popup-blocker has disabled a window that provides application functionality. You will need to disable popup blocking on this site in order to fully utilize this tool.","죄송합니다, 팝업차단으로 인해 프로그램이 동작하는 창을 차단하였습니다. 정상적으로 동작하기 위해서는 이 사이트에서 팝업차단을 해제하여 주십시오."
"ERROR: Invalid values entered, these are marked in red.","에러: 잘못된 값이 입력됐습니다, 빨간 색으로 표시합니다."
"{#field} must be a number","{#field} 는 숫자여야 합니다"
"{#field} must be a number greater than {#min}","{#field} 는 {#min} 보다 큰 숫자이어야 합니다"
"{#field} must be a number or percentage","{#field} 는 숫자거나 퍼센트여야 합니다"
"More colors","더 많은 색상"
"Black","검정"
"Burnt orange","번트 오렌지색"
"Dark olive","어두운 올리브색"
"Dark green","짙은 녹색"
"Dark azure","어두운 하늘색"
"Navy Blue","네이비 블루"
"Indigo","남색"
"Very dark gray","매우 어두운 회색"
"Maroon","고동색"
"Orange","주황색"
"Olive","황록색"
"Green","녹색"
"Teal","짙은 청록색"
"Grayish blue","회청색"
"Red","빨간색"
"Amber","황색"
"Yellow green","노란 초록색"
"Sea green","바다 녹색"
"Turquoise","청록색"
"Royal blue","감청색"
"Purple","보라색"
"Medium gray","중간 회색"
"Magenta","자홍색"
"Gold","금색"
"Yellow","노란색"
"Lime","라임 녹색"
"Aqua","옅은 청록색"
"Sky blue","하늘색"
"Brown","갈색"
"Silver","은색"
"Pink","분홍색"
"Peach","복숭아색"
"Light yellow","밝은 노란색"
"Pale green","엷은 초록색"
"Pale cyan","엷은 청록색"
"Light sky blue","밝은 하늘색"
"Plum","자두색"
"White","흰색"
"Alignment","정렬"
"Full","모두"
"Insert date","날자 추가"
"Insert time","시간 추가"
"January","1월"
"February","2월"
"March","3월"
"April","4월"
"May","5월"
"June","6월"
"July","7월"
"August","8월"
"September","9월"
"October","10월"
"November","11월"
"December","12월"
"Sunday","일요일"
"Monday","월요일"
"Tuesday","화요일"
"Wednesday","수요일"
"Thursday","목요일"
"Friday","금요일"
"Saturday","토요일"
"Print","인쇄"
"Preview","미리보기"
"Direction left to right","왼쪽에서 오른쪽 방향"
"Direction right to left","오른쪽에서 왼쪽 방향"
"Insert new layer","새 레이어 추가"
"Move forward","앞으로 이동"
"Move backward","뒤로 이동"
"Toggle absolute positioning","절대위치 설정 토글"
"New layer...","새 레이어..."
"Cancel all changes","모든 변경 사항 취소"
"Insert non-breaking space character","non-breaking space글자 추가"
"Run spell checking","철자검사 실행"
"ieSpell not detected. Do you want to install it now?","ieSpell이 발견되지 않았습니다. 지금 설치하시겠습니까?"
"Horizontal rule","수평선"
"Emotions","이모션"
"Find","찾기"
"Find/Replace","찾기/바꾸기"
"Insert/edit image","이미지 삽입/편집"
"Insert/edit link","링크 삽입/편집"
"Citation","인용처"
"Abbreviation","약칭"
"Acronym","두문자어"
"Deletion","삭제"
"Insertion","삽입"
"Insert/Edit Attributes","속성 삽입/편집"
"Edit CSS Style","CSS스타일 편집"
"Paste as Plain Text","일반 텍스트로 붙여 넣기"
"Paste from Word","워드에서 붙여 넣기"
"Select All","전체선택"
"Paste is now in plain text mode. Click again to toggle back to regular paste mode. After you paste something you will be returned to regular paste mode.","이제 붙여넣기는 일반 텍스트 모드에 있습니다. 기본 붙여넣기 모드로 돌아가려면 다시 클릭하십시오. 무엇인가를 붙여넣기를 한 후엔 기본 붙여넣기 모드로 돌아옵니다."
"Paste is now in plain text mode. Click again to toggle back to regular paste mode.","이제 붙여넣기는 일반 텍스트 모드에 있습니다. 기본 붙여넣기 모드로 돌아가려면 다시 클릭하십시오."
"Use CTRL+V on your keyboard to paste the text into the window.","창에 텍스트를 붙여 넣기 위해서는 키보드의 CTRL+V를 사용하십시오."
"Keep linebreaks","줄바꿈문자 유지하기"
"Inserts a new table","새 표를 삽입"
"Insert row before","앞에 줄 삽입"
"Insert row after","뒤에 줄 삽입"
"Delete row","줄 삭제"
"Insert column before","앞에 열 삽입"
"Insert column after","뒤에 열 삽입"
"Remove column","열 삭제"
"Split merged table cells","병합된 셀 분리"
"Merge table cells","셀 병합"
"Table row properties","행 속성"
"Table cell properties","열 속성"
"Table properties","표 속성"
"Paste table row before","앞에 행 붙여 넣기"
"Paste table row after","뒤에 행 붙여 넣기"
"Cut table row","행 잘라내기"
"Copy table row","행 복사하기"
"Delete table","표 지우기"
"Row","열"
"Column","열"
"Cell","셀"
"The changes you made will be lost if you navigate away from this page.","이 페이지에서 벗어나면 현재 수정한 것을 잃을 수 있습니다."
"Toggle fullscreen mode (Alt + Shift + G)","전체화면 토글(Alt + Shift + G)"
"Insert / edit embedded media","embedded미디어 삽입/편집"
"Edit embedded media","embedded미디어 편집"
"Document properties","문서 속성"
"Insert predefined template content","미리 정의한 템플릿 내용 삽입"
"Visual control characters on/off.","가시 제어 문자 on/off."
"Toggle spellchecker (Alt + Shift + N)","철자 검색기 토글(Alt + Shift + N)"
"Spellchecker settings","철자검색어 설정"
"Ignore word","무시문자"
"Ignore all","모두 무시"
"Languages","언어"
"Please wait...","잠시 기다리십시오..."
"Suggestions","제안"
"No suggestions","제안없음"
"This is somewhat embarrassing, isn&rsquo;t it?","좀 당황스럽네요. 안그런가요?"
"It seems we can&rsquo;t find what you&rsquo;re looking for. Perhaps searching can help.","찾고 있는 것을 찾을 수 없는 것 같습니다. 검색이 도움될 수도 있습니다."
"Daily Archives: %s","날짜별 글 목록: %s"
"Monthly Archives: %s","월별 글 목록: %s"
"F Y","Y년 M월"
"Yearly Archives: %s","년도별 글 목록: %s"
"Y","Y년"
"Author Archives: %s","글쓴이 글 목록: %s"
"About %s","%s에 대하여"
"Category Archives: %s","카테고리 글 목록: %s"
"Comment navigation","댓글 네비게이션"
"&larr; Older Comments","&larr; 이전 댓글"
"Newer Comments &rarr;","새 댓글 &rarr;"
"Permalink to %s","%s의 고유주소"
"Continue reading <span class=\"meta-nav\">&rarr;</span>","더 읽기 <span class=\"meta-nav\">&rarr;</span>"
"Leave a reply","댓글을 달아주세요"
"1 Reply","1 댓글"
"%s Replies","%s 댓글"
"Nothing Found","아무것도 찾을 수 없습니다."
"Apologies, but no results were found. Perhaps searching will help find a related post.","죄송합니다. 하지만 결과를 찾을 수 없습니다. 검색하면 관련 글을 찾는데 도움이 될것입니다."
"Featured post","특성 글"
"View all posts by %s <span class=\"meta-nav\">&rarr;</span>","%s의 모든 글 보기 <span class=\"meta-nav\">&rarr;</span>"
"Semantic Personal Publishing Platform","의미있는 개인 출판 플랫폼"
"Primary Menu","주 메뉴"
"on","off"
"no-subset","cyrillic"
"Page %s","페이지 %s"
"Main Sidebar","메인 사이드바"
"Appears on posts and pages except the optional Front Page template, which has its own widgets","자신 고유의 위젯을 가진 전면 페이지 템플릿을 제외한 글과 페이지에 나타납니다. "
"First Front Page Widget Area","첫번째 전면 페이지 위젯 영역"
"Appears when using the optional Front Page template with a page set as Static Front Page","정적인 전면 페이지 템플릿을 사용하는 경우 나타납니다."
"Second Front Page Widget Area","두번째 전면 페이지 위젯 영역"
"Post navigation","글 네비게이션"
"<span class=\"meta-nav\">&larr;</span> Older posts","<span class=\"meta-nav\">&larr;</span>이전 글"
"Newer posts <span class=\"meta-nav\">&rarr;</span>","다음 글 <span class=\"meta-nav\">&rarr;</span>"
"Pingback:","핑백:"
"Post author","글쓴이"
"View all posts by %s","%s 의 모든 글 보기"
"This entry was posted in %s and tagged %s on %s<span class=\"by-author\"> by %s</span>.","이 글은 %s 카테고리에 분류되었고 %s 태그가 있으며 <span class=\"by-author\"> %s님에 의해</span> %s에 작성되었습니다."
"This entry was posted in %s on %s<span class=\"by-author\"> by %s</span>.","이 글은 %s 카테고리로 분류되었고 <span class=\"by-author\">%s님에 의해</span> %s에 작성됐습니다."
"This entry was posted on %s<span class=\"by-author\"> by %s</span>.","이 글은 <span class=\"by-author\">%s님에 의해</span> %s에 작성됐습니다."
"Menu","메뉴"
"Skip to content","내용으로 바로가기"
"<span class=\"meta-prep meta-prep-entry-date\">Published </span> <span class=\"entry-date\"><time class=\"entry-date\" datetime=\"%s\">%s</time></span> at <a href=\"%s\" title=\"Link to full-size image\">%s &times; %s</a> in <a href=\"%s\" title=\"Return to %s\" rel=\"gallery\">%s</a>.","<span class=\"meta-prep meta-prep-entry-date\">발행됨 </span> <span class=\"entry-date\"><time class=\"entry-date\" datetime=\"%s\">%s</time></span> at <a href=\"%s\" title=\"전체 사이즈 이미지로 링크\">%s &times; %s</a> in <a href=\"%s\" title=\"%s로 돌아가기\" rel=\"gallery\">%s</a>."
"&larr; Previous","&larr; 이전"
"Next &rarr;","다음 &rarr;"
"No posts to display","표시할 글 없음"
"Ready to publish your first post? <a href=\"%s\">Get started here</a>.","첫번째 글을 발행할 준비가 되었나요? <a href=\"%s\">이곳에서 시작하세요.</a>"
"Search Results for: %s","검색 결과 : %s"
"Sorry, but nothing matched your search criteria. Please try again with some different keywords.","죄송합니다. 입력한 검색어에 해당하는 항목이 없습니다. 다른 키워드로 바꿔서 시도해보세요."
"Tag Archives: %s","태그 글목록: %s"
"The 2012 theme for WordPress is a fully responsive theme that looks great on any device. Features include a front page template with its own widgets, an optional display font, styling for post formats on both index and single views, and an optional no-sidebar page template. Make it yours with a custom menu, header image, and background.","워드프레스 2012 테마는 어떤 기기에도 어울리는 반응형 테마입니다. 특징은 고유의 위젯을 가진 전면 페이지 템플릿이 있으며 옵션 폰트, 목록 및 단일 글 보기에서 글 형식 스타일, 사이드바 없는 페이지 템플릿입니다. 사용자 정의 메뉴, 헤더 이미지, 배경으로 테마를 당신 것으로 만드세요."
"the WordPress team","워드프레스 팀"
"Front Page Template","전면 페이지 템플릿"